"Configuration ","","","","","","","","","","","","","","","","","","","","","","","","","","","","","","","","","","","","","","","","","","","","","","","","","","","","","","","","","","","","","","","","","","","","","","","","","","","","","","","","","","","","","","","","","","","","","","","","","","","","","","","","","","","","","","","","","","","","","","","","","","","","","","","","","","","","","","","","","","","","","","","","","","","","","","","","","","","","","","","","","","","",""
"Data","","","","","","","","","","","","","","","","","","","","","","","","","1","2","3","4","5","6","7","8","9","10","11","12","13","14","15","16","17","18","19","20","21","22","23","24","25","26","27","28","29","30","31","32","33","34","35","36","37","38","39","40","41","42","43","44","45","46","47","48","49","50","51","52","53","54","55","56","57","58","59","60","61","62","63","64","65","66","67","68","69","70","71","72","73","74","75","76","76","77","78","79","80","81","82","83","84","85","86","87","88","89","90","91","92","93","94","95","96","97","98","99","100","101","102","103","104","105","106","107","108","109","110","111","112","113","114","115","116","117","118","119","120","121","122","","","","","","","","","","","","","","","","",""
"Month","","2026","","Site","location","","","","","Tel","","","","","Site","location","","","","","Tel","","","","PPA","","","","","","","","","","","","","","","","","","","","","","","","","","","","","","","","","","","","","","","","","","","","","","","","","","","","","","","","","","","","","","","","","","","","","","","","","","","","","","","","","","","","","","","","","","","","","","","","","","","","","","","","","","","","","","","","","","","","","","","","","","","","","","","","","","","","","","","","","","",""
"Day","","","1","Loapattana","มหาสารคาม","119.04","465","256","338.20","Network Site","","0","","1","NR_B","ขอนแก่น","361.46","310","1166","1122.95","Network Site","","0","","January","12,732.74","14,655.54","29,935.15","12,598.65","26,598.65","78,124.65","21,890.06","117,382.02","27,574.58","23,770.64","14,458.64","34,976.16","32,713.11","28,088.77","5,204.55","2,694.99","5,569.08","4,755.99","2,666.76","7,425.90","1,120.37","3,092.55","36,581.67","12,362.12","19,531.43","15,414.31","3,184.57","20,020.07","80,499.88","334,657.51","110,029.68","93,780.53","27,768.27","9,955.60","12,827.38","2,103.79","6,843.62","36,934.08","35,328.95","43,885.51","14,632.11","39,068.04","26,342.69","14,416.35","41,183.50","36,474.65","47,212.22","68,559.49","17,573.80","49,896.98","47,376.81","","","","","","","","","","","","","","","","","","","","","","","","","","","","","","","","","","","","","","","","","","","","","","","","","","","","","","","","","","","","","","","","","","","","","","",""
"To Day","16","","2","Poomsuk","ขอนแก่น","194.40","540","360","646.44","Network Site","","0","","2","NR_F","ขอนแก่่น","829.40","325","2552","2772.97","Network Site","","0","","February","13,059.19","16,061.77","35,530.64","17,530.91","37,226.10","71,140.94","20,770.59","110,425.36","31,671.24","27,306.95","16,538.23","36,237.58","30,298.42","26,029.59","6,134.32","3,143.46","6,546.33","6,302.18","3,255.36","8,453.41","1,152.77","3,607.64","40,534.26","12,756.42","19,726.53","16,111.29","3,537.81","20,504.51","86,089.21","341,087.26","111,971.47","109,373.73","32,154.04","12,074.98","15,105.84","4,537.53","9,198.06","32,208.78","34,445.37","65,697.68","17,099.01","40,304.97","21,783.29","11,924.44","34,327.27","46,254.84","56,071.08","64,478.41","20,027.92","54,722.17","42,030.60","","","","","","","","","","","","","","","","","","","","","","","","","","","","","","","","","","","","","","","","","","","","","","","","","","","","","","","","","","","","","","","","","","","","","","",""
"","","","3","KU-THONG","ขอนแก่น","308.70","525","588","886.94","","","0","","3","NR Ph. 3","ขอนแก่น","301.32","325","927","1114.53","Network Site","","0","","March","12,362.50","17,561.86","30,334.08","17,790.69","43,945.06","77,088.39","22,975.87","119,855.07","30,101.51","26,060.13","15,718.58","42,815.70","33,015.77","28,923.95","6,119.26","3,745.13","5,868.47","6,553.97","3,299.28","8,504.11","1,156.10","4,088.27","43,267.77","12,638.74","22,807.83","16,216.05","3,602.81","23,900.59","80,576.92","366,641.13","120,325.92","117,709.05","34,782.55","17,073.74","20,292.28","6,617.99","14,313.37","36,521.63","38,990.59","83,304.38","21,165.21","39,691.48","17,699.05","9,693.27","43,731.04","65,952.63","70,834.53","77,880.63","23,695.83","55,144.45","50,374.24","","","","","","","","","","","","","","","","","","","","","","","","","","","","","","","","","","","","","","","","","","","","","","","","","","","","","","","","","","","","","","","","","","","","","","",""
"","","","4","Vgreen","อุบลราชธานี","457.92","530","864","348.44","Network Site","","0","","4","NR Ph. 4","ขอนแก่น","871.20","660","1320","2303.52","Network Site","","0","","April","14,071.21","25,802.60","39,111.56","18,112.60","48,381.66","70,373.10","21,388.79","110,276.62","29,375.64","25,431.88","15,611.02","44,103.12","31,618.04","27,758.31","7,541.45","4,863.32","7,590.74","8,683.33","3,972.45","9,289.33","1,259.91","4,871.80","38,923.54","11,559.86","17,330.13","16,897.37","3,728.17","24,151.36","89,571.23","178,459.80","58,287.50","83,820.48","25,203.15","16,691.35","22,635.06","9,388.54","15,294.25","39,631.56","36,651.78","57,883.47","18,880.11","46,325.54","18,936.75","10,377.39","35,894.23","54,931.95","55,309.00","75,652.75","21,866.67","51,829.20","41,597.59","","","","","","","","","","","","","","","","","","","","","","","","","","","","","","","","","","","","","","","","","","","","","","","","","","","","","","","","","","","","","","","","","","","","","","",""
"","","","5","Srisakol Pure Rice Mill","สกลนคร","462.00","550","840","797.94","","","0","","5","NR Farm","ขอนแก่น","132.00","330","400","416.74","063-520-4307","","107","","May","12,068.61","22,582.26","36,212.65","17,415.36","38,186.96","52,317.43","16,122.88","82,651.26","31,462.41","27,174.63","16,512.47","42,165.69","29,484.84","24,843.40","6,612.00","4,318.64","6,209.92","7,401.27","3,494.63","8,903.67","1,204.47","4,138.20","40,885.50","11,961.49","18,161.80","17,966.39","3,802.18","22,634.52","82,841.31","213,153.38","69,744.78","99,018.42","30,000.39","16,742.68","19,875.06","9,036.04","16,426.54","36,595.53","28,836.53","85,414.98","19,461.46","38,622.25","20,063.12","11,032.54","35,836.72","54,781.89","56,786.31","71,862.49","23,155.55","49,141.79","41,501.83","","","","","","","","","","","","","","","","","","","","","","","","","","","","","","","","","","","","","","","","","","","","","","","","","","","","","","","","","","","","","","","","","","","","","","",""
"","","","6","Thongthai Ph.1,2,3","จันทบุรี","792.00","550","1440","1572.83","","","0","","6","KFI Ph.1","ขอนแก่น","600.60","325","1848","2339.12","Network Site","","0","","June","12,506.37","24,205.62","35,085.28","21,381.89","29,981.95","53,865.20","16,989.94","86,448.21","32,136.09","27,748.31","16,977.31","38,667.44","27,114.08","22,863.13","7,014.83","4,491.59","6,856.30","7,721.58","3,710.69","9,848.65","1,294.09","4,382.32","45,550.11","12,837.55","22,749.13","17,901.96","3,733.52","21,281.96","62,079.25","264,477.54","86,921.68","85,081.54","25,740.13","16,238.66","21,783.58","8,642.81","15,509.90","37,862.56","24,845.77","81,098.93","17,370.89","33,856.87","18,551.00","10,209.67","46,947.65","50,170.90","52,528.98","73,310.66","24,354.05","40,600.01","44,664.35","","","","","","","","","","","","","","","","","","","","","","","","","","","","","","","","","","","","","","","","","","","","","","","","","","","","","","","","","","","","","","","","","","","","","","",""
"","","","9","KWM Ph.1,2,3","ขอนแก่น","401.76","465","864","856.67","","","0","","7","KFI Ph.2","ขอนแก่น","341.76","","","1267.99","Network Site","","0","","July","10,484.17","20,039.61","27,495.00","10,801.57","24,736.00","48,757.60","15,289.45","78,067.36","26,556.80","22,849.29","13,904.12","38,078.10","27,132.79","22,869.70","5,985.07","3,725.80","7,689.42","6,473.92","3,217.88","8,107.95","1,069.04","3,577.48","43,295.99","12,560.22","22,188.92","13,620.58","3,474.31","18,001.45","53,766.29","281,800.83","90,315.00","90,669.71","27,173.54","14,393.93","19,888.48","8,192.77","13,987.28","31,140.04","26,216.43","84,685.28","16,117.73","35,382.19","18,224.68","10,038.62","43,051.11","57,214.61","58,101.12","63,096.30","20,515.84","54,220.83","47,667.28","","","","","","","","","","","","","","","","","","","","","","","","","","","","","","","","","","","","","","","","","","","","","","","","","","","","","","","","","","","","","","","","","","","","","","",""
"","","","12","Wiremesh Khon Kaen","ขอนแก่น","385.02","465","828","1228.33","","","0","","8","BWC Ph.1","ขอนแก่น","858.00","330","2600","3258.55","Network Site","","0","","August","12,853.48","22,493.63","32,632.12","8,703.30","23,419.00","59,373.95","19,171.70","98,544.29","27,501.71","23,726.44","14,454.80","35,605.69","26,904.99","23,535.55","6,556.59","4,396.93","7,371.32","7,558.84","3,770.44","8,578.06","1,191.51","3,589.15","48,373.99","12,984.99","20,662.66","16,818.11","3,955.90","20,563.93","69,659.34","243,868.21","79,425.36","65,343.06","19,780.87","15,289.61","23,179.24","8,572.50","14,503.12","35,644.71","25,264.95","95,692.82","16,713.43","36,712.28","18,795.29","10,342.40","51,881.50","50,912.87","51,647.59","69,910.79","22,612.38","53,185.96","49,992.20","","","","","","","","","","","","","","","","","","","","","","","","","","","","","","","","","","","","","","","","","","","","","","","","","","","","","","","","","","","","","","","","","","","","","","",""
"","","","13","Wiremesh Korat","โคราช","276.66","530","522","875.25","","","0","","9","KC Ph.1","ขอนแก่น","924.00","330","2800","3517.71","Network Site","","0","","September","10,690.50","18,753.55","23,746.08","23,235.01","20,748.68","50,621.06","15,449.85","80,296.05","25,343.33","22,030.85","13,384.86","34,478.21","26,643.83","23,392.51","5,814.86","3,475.55","7,659.58","6,222.55","3,018.08","7,799.63","1,029.81","3,661.21","43,086.11","12,149.70","24,091.14","17,839.18","3,866.57","21,918.13","60,647.93","275,160.28","92,600.10","90,983.46","27,411.79","14,101.07","18,363.78","7,330.86","11,076.22","29,212.52","24,464.93","78,154.19","14,109.84","28,942.27","14,596.63","8,022.89","43,242.59","44,830.35","46,286.57","57,156.05","18,791.68","51,249.96","42,614.05","","","","","","","","","","","","","","","","","","","","","","","","","","","","","","","","","","","","","","","","","","","","","","","","","","","","","","","","","","","","","","","","","","","","","","",""
"","","","14","Wiremesh Chonburi","ชลบุรี","238.50","530","450","737.73","094-281-0673","","15","","10","KC Ph.2","ขอนแก่น","620.40","660","940","2271.27","Network Site","","0","","October","12,552.06","19,904.37","28,308.37","27,231.81","20,234.24","62,950.86","18,085.04","95,014.21","21,915.41","19,044.97","11,543.65","35,285.81","27,633.95","25,184.54","6,795.82","3,879.11","8,172.75","7,151.17","3,211.20","8,337.33","1,143.31","3,559.04","44,542.70","12,880.67","24,412.30","16,125.51","3,854.11","21,236.20","81,613.02","346,014.62","113,148.90","111,006.13","32,888.09","15,239.19","20,462.50","7,908.24","11,678.68","35,046.18","27,526.12","57,133.81","16,921.60","24,472.45","17,170.27","9,422.08","24,231.81","42,488.72","50,522.06","69,756.74","22,050.54","51,317.39","40,821.26","","","","","","","","","","","","","","","","","","","","","","","","","","","","","","","","","","","","","","","","","","","","","","","","","","","","","","","","","","","","","","","","","","","","","","",""
"","","","15","PTT E1","มหาสารคาม","58.32","540","108","193.07","","","0","","11","KKF","ขอนแก่น","1155.60","540","1260","2353.48","Network Site","","0","","November","10,557.07","15,498.44","23,532.68","29,136.29","10,317.67","60,792.89","17,339.82","92,676.13","19,685.87","17,067.44","10,280.25","33,212.86","28,854.32","26,023.01","5,130.79","2,795.91","7,004.65","5,413.37","2,617.44","7,121.81","1,016.83","2,982.10","39,884.31","11,418.09","20,243.51","13,067.41","3,140.78","16,578.42","78,825.30","349,288.04","114,705.89","103,353.03","30,117.88","10,318.44","14,768.92","4,269.28","9,271.65","29,878.09","28,170.78","60,969.55","12,929.04","23,164.80","17,710.39","9,697.01","25,197.56","29,183.68","38,175.74","60,213.82","17,794.91","49,518.37","35,670.83","","","","","","","","","","","","","","","","","","","","","","","","","","","","","","","","","","","","","","","","","","","","","","","","","","","","","","","","","","","","","","","","","","","","","","",""
"","","","16","PTT E2","มหาสารคาม","38.88","540","72","120.19","","","0","","13","CY Ph.1","สารคาม","585.00","325","1800","1919.07","Network Site","","0","","December","11,824.06","15,754.90","25,211.24","34,521.05","","","","","","","","33,519.35","31,345.49","27,472.25","5,539.13","2,998.39","6,675.36","5,523.35","2,833.57","8,165.51","1,143.10","3,186.64","45,710.37","13,984.85","25,038.19","13,041.05","3,683.87","","","318,327.41","104,648.85","97,517.83","28,609.19","","","","","","31,937.28","","","38,072.86","","","","","","","","59,314.51","","","","","","","","","","","","","","","","","","","","","","","","","","","","","","","","","","","","","","","","","","","","","","","","","","","","","","","","","","","","","","","","","","","","","","","",""
"","","","17","PTT E3","มหาสารคาม","58.32","540","108","248.05","","","0","","14","CY Ph.2","สารคาม","343.20","330","1040","1329.86","Network Site","","0","","","","","","","","","","","","","","","","","","","","","","","","","","","","","","","","","","","","","","","","","","","","","","","","","","","","","","","","","","","","","","","","","","","","","","","","","","","","","","","","","","","","","","","","","","","","","","","","","","","","","","","","","","","","","","","","","","","","","","","","","","","",""
"","","","18","PTT E5","มหาสารคาม","68.04","540","126","208.84","","","0","","15","CY Ph.3","สารคาม","552.42","465","1188","2159.17","Network Site","","0","","","","","","","","","","","","","","","","","","","","","","","","","","","","","","","","","","","","","","","","","","","","","","","","","","","","","","","","","","","","","","","","","","","","","","","","","","","","","","","","","","","","","","","","","","","","","","","","","","","","","","","","","","","","","","","","","","","","","","","","","","","",""
"","","","19","PTT chester grill","มหาสารคาม","34.56","540","64","103.80","","","0","","16","CY Ph.4+5","สารคาม","658.26","540","1219","2469.25","Network Site","","0","","","","","","","","","","","","","","","","","","","","","","","","","","","","","","","","","","","","","","","","","","","","","","","","","","","","","","","","","","","","","","","","","","","","","","","","","","","","","","","","","","","","","","","","","","","","","","","","","","","","","","","","","","","","","","","","","","","","","","","","","","","",""
"","","","20","Mitsu KhonKaen Ph.1","ขอนแก่น","91.80","540","170","261.55","Network Site","","0","","17","KR Plastic","ขอนแก่น","2282.04","","","7710.18","095-052-0014","","137","","","","","","","","","","","","","","","","","","","","","","","","","","","","","","","","","","","","","","","","","","","","","","","","","","","","","","","","","","","","","","","","","","","","","","","","","","","","","","","","","","","","","","","","","","","","","","","","","","","","","","","","","","","","","","","","","","","","","","","","","","","",""
"","","","21","Mitsu KhonKaen Ph.2","ขอนแก่น","10.80","450","24","34.49","Network Site","","0","","18","Warehouse KKF","ขอนแก่น","105.60","660","160","267.71","Network Site","","0","","","","","","","","","","","","","","","","","","","","","","","","","","","","","","","","","","","","","","","","","","","","","","","","","","","","","","","","","","","","","","","","","","","","","","","","","","","","","","","","","","","","","","","","","","","","","","","","","","","","","","","","","","","","","","","","","","","","","","","","","","","",""
"","","","22","Mitsu ChumPhae","ขอนแก่น","51.84","540","96","115.40","Network Site","","0","","19","Auto Motion Work","ขอนแก่่น","221.00","680","325","893.06","Network Site","","0","","","","","","","","","","","","","","","","","","","","","","","","","","","","","","","","","","","","","","","","","","","","","","","","","","","","","","","","","","","","","","","","","","","","","","","","","","","","","","","","","","","","","","","","","","","","","","","","","","","","","","","","","","","","","","","","","","","","","","","","","","","",""
"","","","23","CCP Ph.1","ชลบุรี","457.92","530","864","1396.64","","","288","","20","Thai - Sup","ขอนแก่่น","554.40","330","1680","1967.77","","","0","","","","","","","","","","","","","","","","","","","","","","","","","","","","","","","","","","","","","","","","","","","","","","","","","","","","","","","","","","","","","","","","","","","","","","","","","","","","","","","","","","","","","","","","","","","","","","","","","","","","","","","","","","","","","","","","","","","","","","","","","","","",""
"","","","24","CCP Ph.2","ชลบุรี","124.02","530","234","405.17","","","288","","21","Prime","ขอนแก่น","426.00","665","641","1561.60","","","0","","","","","","","","","","","","","","","","","","","","","","","","","","","","","","","","","","","","","","","","","","","","","","","","","","","","","","","","","","","","","","","","","","","","","","","","","","","","","","","","","","","","","","","","","","","","","","","","","","","","","","","","","","","","","","","","","","","","","","","","","","","",""
"","","","25","CPS","ชลบุรี","228.96","530","432","715.77","","","288","","22","Forest Water","ขอนแก่น","378.00","700","540","990.20","","","0","","","","","","","","","","","","","","","","","","","","","","","","","","","","","","","","","","","","","","","","","","","","","","","","","","","","","","","","","","","","","","","","","","","","","","","","","","","","","","","","","","","","","","","","","","","","","","","","","","","","","","","","","","","","","","","","","","","","","","","","","","","",""
"","","","26","PCC","เชียงใหม่","186.30","540","345","439.37","Network Site","","0","","24","North Eastern Technological College","ขอนแก่น","187.44","710","264","574.96","","","0","","","","","","","","","","","","","","","","","","","","","","","","","","","","","","","","","","","","","","","","","","","","","","","","","","","","","","","","","","","","","","","","","","","","","","","","","","","","","","","","","","","","","","","","","","","","","","","","","","","","","","","","","","","","","","","","","","","","","","","","","","","",""
"","","","27","Jipata","เชียงใหม่","40.50","540","75","112.07","Network Site","","0","","25","PTT 7-11 E1","มหาสารคาม","25.85","550","47","96.10","","","0","","","","","","","","","","","","","","","","","","","","","","","","","","","","","","","","","","","","","","","","","","","","","","","","","","","","","","","","","","","","","","","","","","","","","","","","","","","","","","","","","","","","","","","","","","","","","","","","","","","","","","","","","","","","","","","","","","","","","","","","","","","",""
"","","","28","	Hexa ceram","เชียงใหม่","241.92","540","448","580.69","Network Site","","0","","26","PTT 7-11 E2","มหาสารคาม","25.85","550","47","96.49","","","0","","","","","","","","","","","","","","","","","","","","","","","","","","","","","","","","","","","","","","","","","","","","","","","","","","","","","","","","","","","","","","","","","","","","","","","","","","","","","","","","","","","","","","","","","","","","","","","","","","","","","","","","","","","","","","","","","","","","","","","","","","","",""
"","","","29","	Thongtong Rubber","มุกดาหาร","972.00","540","1800","1734.40","","","0","","27","PTT 7-11 E3","มหาสารคาม","25.85","550","47","94.15","","","0","","","","","","","","","","","","","","","","","","","","","","","","","","","","","","","","","","","","","","","","","","","","","","","","","","","","","","","","","","","","","","","","","","","","","","","","","","","","","","","","","","","","","","","","","","","","","","","","","","","","","","","","","","","","","","","","","","","","","","","","","","","",""
"","","","30","Ntec","มุกดาหาร","3893.04","540","5376","9090.35","083-943-8713","","319","","28","PTT 7-11 E5","มหาสารคาม","25.85","550","47","93.71","","","0","","","","","","","","","","","","","","","","","","","","","","","","","","","","","","","","","","","","","","","","","","","","","","","","","","","","","","","","","","","","","","","","","","","","","","","","","","","","","","","","","","","","","","","","","","","","","","","","","","","","","","","","","","","","","","","","","","","","","","","","","","","",""
"","","","32","Nachitec","มุกดาหาร","1252.12","540","1728","2924.83","095-865-4390","","319","","29","Dialysis Clinic","โคราช","19.98","540","37","80.70","","","0","","","","","","","","","","","","","","","","","","","","","","","","","","","","","","","","","","","","","","","","","","","","","","","","","","","","","","","","","","","","","","","","","","","","","","","","","","","","","","","","","","","","","","","","","","","","","","","","","","","","","","","","","","","","","","","","","","","","","","","","","","","",""
"","","","34","TOYOTA LOEI","เลย","194.40","540","360","464.32","","","288","","30","Luangsiri Ph.1","อุบลราชธานี","528.00","660","800","1851.19","Network Site","","0","","","","","","","","","","","","","","","","","","","","","","","","","","","","","","","","","","","","","","","","","","","","","","","","","","","","","","","","","","","","","","","","","","","","","","","","","","","","","","","","","","","","","","","","","","","","","","","","","","","","","","","","","","","","","","","","","","","","","","","","","","","",""
"","","","35","TOYOTA BURIRAM","บุรีรัมย์","233.28","540","432","641.56","094-515-0629","","288","","31","AAG","นนทบุรี","300.30","660","455","1135.05","","","0","","","","","","","","","","","","","","","","","","","","","","","","","","","","","","","","","","","","","","","","","","","","","","","","","","","","","","","","","","","","","","","","","","","","","","","","","","","","","","","","","","","","","","","","","","","","","","","","","","","","","","","","","","","","","","","","","","","","","","","","","","","",""
"","","","36","TOYOTA SRICHAN","ขอนแก่น","109.00","545","200","264.28","094-367-3624","","288","","32","JD FOOD","สมุทรสาคร","612.48","660","928","2385.13","","","0","","","","","","","","","","","","","","","","","","","","","","","","","","","","","","","","","","","","","","","","","","","","","","","","","","","","","","","","","","","","","","","","","","","","","","","","","","","","","","","","","","","","","","","","","","","","","","","","","","","","","","","","","","","","","","","","","","","","","","","","","","","",""
"","","","37","TOYOTA MALIWAN","ขอนแก่น","174.42","540","323","451.20","094-391-9835","","288","","33","TS. Industry","กรุงเทพ","313.22","665","471","1348.53","","","0","","","","","","","","","","","","","","","","","","","","","","","","","","","","","","","","","","","","","","","","","","","","","","","","","","","","","","","","","","","","","","","","","","","","","","","","","","","","","","","","","","","","","","","","","","","","","","","","","","","","","","","","","","","","","","","","","","","","","","","","","","","",""
"","","","38","TOYOTA HEAD OFFICE","ขอนแก่น","362.40","540","671","1004.52","080-410-9858","","288","","34","Mektec","พระนครศรีอยุธยา","335.16","665","504","1293.74","","","0","","","","","","","","","","","","","","","","","","","","","","","","","","","","","","","","","","","","","","","","","","","","","","","","","","","","","","","","","","","","","","","","","","","","","","","","","","","","","","","","","","","","","","","","","","","","","","","","","","","","","","","","","","","","","","","","","","","","","","","","","","","",""
"","","","39","T.P.K. ASIAN FOODS","ระนอง","127.68","665","192","845.69","","","0","","37","Seah","ชลบุรี","1431.10","665","2152","5146.34","","","0","","","","","","","","","","","","","","","","","","","","","","","","","","","","","","","","","","","","","","","","","","","","","","","","","","","","","","","","","","","","","","","","","","","","","","","","","","","","","","","","","","","","","","","","","","","","","","","","","","","","","","","","","","","","","","","","","","","","","","","","","","","",""
"","","","41","Nissan KKT","ขอนแก่่น","211.20","660","320","519.93","","","0","","38","IJTT","ชลบุรี","1513.50","665","2276","4307.31","","","0","","","","","","","","","","","","","","","","","","","","","","","","","","","","","","","","","","","","","","","","","","","","","","","","","","","","","","","","","","","","","","","","","","","","","","","","","","","","","","","","","","","","","","","","","","","","","","","","","","","","","","","","","","","","","","","","","","","","","","","","","","","",""
"","","","42","R89","ระนอง","399.00","665","600","1141.36","061-936-7515","","107","","39","TOA","สมุทรปราการ","1274.14","665","1916","4757.64","","","0","","","","","","","","","","","","","","","","","","","","","","","","","","","","","","","","","","","","","","","","","","","","","","","","","","","","","","","","","","","","","","","","","","","","","","","","","","","","","","","","","","","","","","","","","","","","","","","","","","","","","","","","","","","","","","","","","","","","","","","","","","","",""
"","","","43","RC Farm Ph.1","ตราด","266.00","665","400","587.89","082-756-4723","","168","","40","Eternal resin","สมุทรปราการ","888.30","630","1410","3475.03","","","0","","","","","","","","","","","","","","","","","","","","","","","","","","","","","","","","","","","","","","","","","","","","","","","","","","","","","","","","","","","","","","","","","","","","","","","","","","","","","","","","","","","","","","","","","","","","","","","","","","","","","","","","","","","","","","","","","","","","","","","","","","","",""
"","","","44","RC Farm Ph.2","ตราด","119.70","665","180","323.83","080-515-4332","","168","","41","E.Q. RUBBER","ชลบุุรี","1330.00","665","2000","3464.54","","","0","","","","","","","","","","","","","","","","","","","","","","","","","","","","","","","","","","","","","","","","","","","","","","","","","","","","","","","","","","","","","","","","","","","","","","","","","","","","","","","","","","","","","","","","","","","","","","","","","","","","","","","","","","","","","","","","","","","","","","","","","","","",""
"","","","45","Procare","ชลบุุรี","518.70","665","780","1388.75","081-604-2078","","168","","42","PHATTHANA FROZEN","สมุทรสาคร","999.60","700","1428","3311.28","","","0","","","","","","","","","","","","","","","","","","","","","","","","","","","","","","","","","","","","","","","","","","","","","","","","","","","","","","","","","","","","","","","","","","","","","","","","","","","","","","","","","","","","","","","","","","","","","","","","","","","","","","","","","","","","","","","","","","","","","","","","","","","",""
"","","","46","KANTANG Ph.1","ตรัง","585.00","665","880","1845.63","080-491-8207","","168","","43","Suksomboon Farm","ชลบุรี","1323.00","700","1890","3201.52","","","0","","","","","","","","","","","","","","","","","","","","","","","","","","","","","","","","","","","","","","","","","","","","","","","","","","","","","","","","","","","","","","","","","","","","","","","","","","","","","","","","","","","","","","","","","","","","","","","","","","","","","","","","","","","","","","","","","","","","","","","","","","","",""
"","","","47","KANTANG Ph.2","ตรัง","652.00","665","980","1874.23","094-764-5624","","168","","44","TEM A","กรุุงเทพ","957.60","665","1440","3523.81","062-034-7833","","168","","","","","","","","","","","","","","","","","","","","","","","","","","","","","","","","","","","","","","","","","","","","","","","","","","","","","","","","","","","","","","","","","","","","","","","","","","","","","","","","","","","","","","","","","","","","","","","","","","","","","","","","","","","","","","","","","","","","","","","","","","","",""
"","","","48","Fairy Plaza KK","ขอนแก่น","623.70","665","938","2035.36","061-696-0371","","107","","45","TEM B","กรุุงเทพ","186.20","665","280","679.03","080-513-3383","","168","","","","","","","","","","","","","","","","","","","","","","","","","","","","","","","","","","","","","","","","","","","","","","","","","","","","","","","","","","","","","","","","","","","","","","","","","","","","","","","","","","","","","","","","","","","","","","","","","","","","","","","","","","","","","","","","","","","","","","","","","","","",""
"","","","50","A-PLA","ชลบุรี","532.00","665","800","1749.06","098-586-1854","","199","","46","TEM C","กรุุงเทพ","53.20","665","80","192.13","063-518-6766","","168","","","","","","","","","","","","","","","","","","","","","","","","","","","","","","","","","","","","","","","","","","","","","","","","","","","","","","","","","","","","","","","","","","","","","","","","","","","","","","","","","","","","","","","","","","","","","","","","","","","","","","","","","","","","","","","","","","","","","","","","","","","",""
"","","","51","SAMCHAI","สมุทรปราการ","504.00","700","720","1537.65","","","107","","49","PVO HEAD OFFICE","กรุงเทพ","68.50","685","100","324.60","","","0","","","","","","","","","","","","","","","","","","","","","","","","","","","","","","","","","","","","","","","","","","","","","","","","","","","","","","","","","","","","","","","","","","","","","","","","","","","","","","","","","","","","","","","","","","","","","","","","","","","","","","","","","","","","","","","","","","","","","","","","","","","",""
"","","","","","","","","","","","","","","50","PVO CANTEEN BUILDING","ปทุมธานี","82.20","685","120","469.70","","","0","","","","","","","","","","","","","","","","","","","","","","","","","","","","","","","","","","","","","","","","","","","","","","","","","","","","","","","","","","","","","","","","","","","","","","","","","","","","","","","","","","","","","","","","","","","","","","","","","","","","","","","","","","","","","","","","","","","","","","","","","","","",""
"","","","","","","","","","","","","","","51","PVO - ENGINEERING","ปทุมธานี","411.00","685","600","1288.51","","","0","","","","","","","","","","","","","","","","","","","","","","","","","","","","","","","","","","","","","","","","","","","","","","","","","","","","","","","","","","","","","","","","","","","","","","","","","","","","","","","","","","","","","","","","","","","","","","","","","","","","","","","","","","","","","","","","","","","","","","","","","","","",""
"","","","","","","","","","","","","","","52","PVO - DF3 BUILDING","ปทุมธานี","739.80","685","1080","2356.20","","","0","","","","","","","","","","","","","","","","","","","","","","","","","","","","","","","","","","","","","","","","","","","","","","","","","","","","","","","","","","","","","","","","","","","","","","","","","","","","","","","","","","","","","","","","","","","","","","","","","","","","","","","","","","","","","","","","","","","","","","","","","","","",""
"","","","","","","","","","","","","","","55","TER Ph.1","ชลบุรี","133.00","665","200","469.70","Network Site","","0","","","","","","","","","","","","","","","","","","","","","","","","","","","","","","","","","","","","","","","","","","","","","","","","","","","","","","","","","","","","","","","","","","","","","","","","","","","","","","","","","","","","","","","","","","","","","","","","","","","","","","","","","","","","","","","","","","","","","","","","","","","",""
"","","","","","","","","","","","","","","56","TER Ph.2","ชลบุรี","114.38","665","172","404.84","Network Site","","0","","","","","","","","","","","","","","","","","","","","","","","","","","","","","","","","","","","","","","","","","","","","","","","","","","","","","","","","","","","","","","","","","","","","","","","","","","","","","","","","","","","","","","","","","","","","","","","","","","","","","","","","","","","","","","","","","","","","","","","","","","","",""
"","","","","","","","","","","","","","","57","โรงสี ต.ไทยเจริญ","ศรีสะเกษ","399.00","665","600","1486.06","","","0","","","","","","","","","","","","","","","","","","","","","","","","","","","","","","","","","","","","","","","","","","","","","","","","","","","","","","","","","","","","","","","","","","","","","","","","","","","","","","","","","","","","","","","","","","","","","","","","","","","","","","","","","","","","","","","","","","","","","","","","","","","",""
"","","","","","","","","","","","","","","59","Pisamai","สมุทรสาคร","112.00","700","160","273.40","","","137","","","","","","","","","","","","","","","","","","","","","","","","","","","","","","","","","","","","","","","","","","","","","","","","","","","","","","","","","","","","","","","","","","","","","","","","","","","","","","","","","","","","","","","","","","","","","","","","","","","","","","","","","","","","","","","","","","","","","","","","","","","",""
"","","","","","","","","","","","","","","61","The Carpet Maker","ขอนแก่น","336.00","700","480","908.38","","","0","","","","","","","","","","","","","","","","","","","","","","","","","","","","","","","","","","","","","","","","","","","","","","","","","","","","","","","","","","","","","","","","","","","","","","","","","","","","","","","","","","","","","","","","","","","","","","","","","","","","","","","","","","","","","","","","","","","","","","","","","","","",""
"","","","","","","","","","","","","","","62","YKSD solar","จันทบุรี","249.00","630","395","667.40","","","0","","","","","","","","","","","","","","","","","","","","","","","","","","","","","","","","","","","","","","","","","","","","","","","","","","","","","","","","","","","","","","","","","","","","","","","","","","","","","","","","","","","","","","","","","","","","","","","","","","","","","","","","","","","","","","","","","","","","","","","","","","","",""
"","","","","","","","","","","","","","","63","	Wonnapob Carport	","จันทบุรี","126.00","700","180","342.70","","","0","","","","","","","","","","","","","","","","","","","","","","","","","","","","","","","","","","","","","","","","","","","","","","","","","","","","","","","","","","","","","","","","","","","","","","","","","","","","","","","","","","","","","","","","","","","","","","","","","","","","","","","","","","","","","","","","","","","","","","","","","","","",""
"","","","","","","","","","","","","","","64","First Confectionery","กรุงเทพ","602.00","700","860","1707.95","","","0","","","","","","","","","","","","","","","","","","","","","","","","","","","","","","","","","","","","","","","","","","","","","","","","","","","","","","","","","","","","","","","","","","","","","","","","","","","","","","","","","","","","","","","","","","","","","","","","","","","","","","","","","","","","","","","","","","","","","","","","","","","",""
"","","","","","","","","","","","","","","65","Suksomboon","พังงา","319.20","665","480","1050.91","","","0","","","","","","","","","","","","","","","","","","","","","","","","","","","","","","","","","","","","","","","","","","","","","","","","","","","","","","","","","","","","","","","","","","","","","","","","","","","","","","","","","","","","","","","","","","","","","","","","","","","","","","","","","","","","","","","","","","","","","","","","","","","",""
"","","","","","","","","","","","","","","66","CJ Manufacturing","สมุุทรปราการ","532.00","665","800","2059.61","","","0","","","","","","","","","","","","","","","","","","","","","","","","","","","","","","","","","","","","","","","","","","","","","","","","","","","","","","","","","","","","","","","","","","","","","","","","","","","","","","","","","","","","","","","","","","","","","","","","","","","","","","","","","","","","","","","","","","","","","","","","","","","",""
"","","","","","","","","","","","","","","67","GTS","สมุทรสาคร","198.80","700","284","774.49","","","0","","","","","","","","","","","","","","","","","","","","","","","","","","","","","","","","","","","","","","","","","","","","","","","","","","","","","","","","","","","","","","","","","","","","","","","","","","","","","","","","","","","","","","","","","","","","","","","","","","","","","","","","","","","","","","","","","","","","","","","","","","","",""
"","","","","","","","","","","","","","","68","DEK SOM BOON","สมุทรสาคร","199.50","665","300","532.74","","","288","","","","","","","","","","","","","","","","","","","","","","","","","","","","","","","","","","","","","","","","","","","","","","","","","","","","","","","","","","","","","","","","","","","","","","","","","","","","","","","","","","","","","","","","","","","","","","","","","","","","","","","","","","","","","","","","","","","","","","","","","","","",""
"","","","","","","","","","","","","","","69","TIA LIANG","อุบลบราชธานี","532.00","700","760","1373.51","099-064-5515","","168","","","","","","","","","","","","","","","","","","","","","","","","","","","","","","","","","","","","","","","","","","","","","","","","","","","","","","","","","","","","","","","","","","","","","","","","","","","","","","","","","","","","","","","","","","","","","","","","","","","","","","","","","","","","","","","","","","","","","","","","","","","",""
"","","","","","","","","","","","","","","70","THEPMANEE COLDSTORAGE","จัันทบุรี","336.00","700","480","1235.03","Network Site","","0","","","","","","","","","","","","","","","","","","","","","","","","","","","","","","","","","","","","","","","","","","","","","","","","","","","","","","","","","","","","","","","","","","","","","","","","","","","","","","","","","","","","","","","","","","","","","","","","","","","","","","","","","","","","","","","","","","","","","","","","","","","",""
"","","","","","","","","","","","","","","71","Unity Harness","พระนครศรีอยุธยา","310.80","700","444","914.31","061-927-1105","","107","","","","","","","","","","","","","","","","","","","","","","","","","","","","","","","","","","","","","","","","","","","","","","","","","","","","","","","","","","","","","","","","","","","","","","","","","","","","","","","","","","","","","","","","","","","","","","","","","","","","","","","","","","","","","","","","","","","","","","","","","","","",""
"","","","","","","","","","","","","","","73","Schavakon","สมุทรสาคร","298.20","710","298.20","855.13","063-807-7610","","319","","","","","","","","","","","","","","","","","","","","","","","","","","","","","","","","","","","","","","","","","","","","","","","","","","","","","","","","","","","","","","","","","","","","","","","","","","","","","","","","","","","","","","","","","","","","","","","","","","","","","","","","","","","","","","","","","","","","","","","","","","","",""
"","","","","","","","","","","","","","","74","Siam Chicken","กรุะบี่","431.68","710","608","1122.37","","","288","","","","","","","","","","","","","","","","","","","","","","","","","","","","","","","","","","","","","","","","","","","","","","","","","","","","","","","","","","","","","","","","","","","","","","","","","","","","","","","","","","","","","","","","","","","","","","","","","","","","","","","","","","","","","","","","","","","","","","","","","","","",""
"","","","","","","","","","","","","","","75","ดำรงวนิช","สมุทรสาคร","636.02","660","798","1997.28","","","0","","","","","","","","","","","","","","","","","","","","","","","","","","","","","","","","","","","","","","","","","","","","","","","","","","","","","","","","","","","","","","","","","","","","","","","","","","","","","","","","","","","","","","","","","","","","","","","","","","","","","","","","","","","","","","","","","","","","","","","","","","","",""
"","","","","","","","","","","","","","","77","Sun flour Ph.1","ปทุมธานี","184.60","710","260","716.58","","","0","","","","","","","","","","","","","","","","","","","","","","","","","","","","","","","","","","","","","","","","","","","","","","","","","","","","","","","","","","","","","","","","","","","","","","","","","","","","","","","","","","","","","","","","","","","","","","","","","","","","","","","","","","","","","","","","","","","","","","","","","","","",""
"","","","","","","","","","","","","","","78","	A.J. Plast","ชลบุรี","4714.40","710","6640","13966.86","","","0","","","","","","","","","","","","","","","","","","","","","","","","","","","","","","","","","","","","","","","","","","","","","","","","","","","","","","","","","","","","","","","","","","","","","","","","","","","","","","","","","","","","","","","","","","","","","","","","","","","","","","","","","","","","","","","","","","","","","","","","","","","",""
"","","","","","","","","","","","","","","79","Interroll (Thailand)","ชลบุรี","128.70","715","180","351.17","","","0","","","","","","","","","","","","","","","","","","","","","","","","","","","","","","","","","","","","","","","","","","","","","","","","","","","","","","","","","","","","","","","","","","","","","","","","","","","","","","","","","","","","","","","","","","","","","","","","","","","","","","","","","","","","","","","","","","","","","","","","","","","",""
"","","","","","","","","","","","","","","80","APC","ชลบุรี","142.00","710","200","393.51","","","0","","","","","","","","","","","","","","","","","","","","","","","","","","","","","","","","","","","","","","","","","","","","","","","","","","","","","","","","","","","","","","","","","","","","","","","","","","","","","","","","","","","","","","","","","","","","","","","","","","","","","","","","","","","","","","","","","","","","","","","","","","","",""
"","","","","","","","","","","","","","","81","PYK. TOOL AND DIE","สมุทรสาคร","113.60","710","160","336.21","","","0","","","","","","","","","","","","","","","","","","","","","","","","","","","","","","","","","","","","","","","","","","","","","","","","","","","","","","","","","","","","","","","","","","","","","","","","","","","","","","","","","","","","","","","","","","","","","","","","","","","","","","","","","","","","","","","","","","","","","","","","","","","",""
"","","","","","","","","","","","","","","82","Bulk (Eternal Resin)","สมุุทรปราการ","110.88","630","176","417.29","","","0","","","","","","","","","","","","","","","","","","","","","","","","","","","","","","","","","","","","","","","","","","","","","","","","","","","","","","","","","","","","","","","","","","","","","","","","","","","","","","","","","","","","","","","","","","","","","","","","","","","","","","","","","","","","","","","","","","","","","","","","","","","",""
"","","","","","","","","","","","","","","83","BMC (Eternal Resin)","สมุุทรปราการ","138.60","630","220","521.98","","","0","","","","","","","","","","","","","","","","","","","","","","","","","","","","","","","","","","","","","","","","","","","","","","","","","","","","","","","","","","","","","","","","","","","","","","","","","","","","","","","","","","","","","","","","","","","","","","","","","","","","","","","","","","","","","","","","","","","","","","","","","","","",""
"","","","","","","","","","","","","","","84","Siam Cans Industry","ชลบุรี","198.80","710","280","496.43","","","0","","","","","","","","","","","","","","","","","","","","","","","","","","","","","","","","","","","","","","","","","","","","","","","","","","","","","","","","","","","","","","","","","","","","","","","","","","","","","","","","","","","","","","","","","","","","","","","","","","","","","","","","","","","","","","","","","","","","","","","","","","","",""
"","","","","","","","","","","","","","","85","HIDAKA SUZUTOKU","ชลบุรี","294.00","700","420","782.06","","","0","","","","","","","","","","","","","","","","","","","","","","","","","","","","","","","","","","","","","","","","","","","","","","","","","","","","","","","","","","","","","","","","","","","","","","","","","","","","","","","","","","","","","","","","","","","","","","","","","","","","","","","","","","","","","","","","","","","","","","","","","","","",""
"","","","","","","","","","","","","","","86","Siam Paragon Solutions","สมุุทรปราการ","127.80","710","180","336.52","","","0","","","","","","","","","","","","","","","","","","","","","","","","","","","","","","","","","","","","","","","","","","","","","","","","","","","","","","","","","","","","","","","","","","","","","","","","","","","","","","","","","","","","","","","","","","","","","","","","","","","","","","","","","","","","","","","","","","","","","","","","","","","",""
"","","","","","","","","","","","","","","89","Chawalit Rice","มหาสารคาม","316.80","720","440","1098.64","","","0","","","","","","","","","","","","","","","","","","","","","","","","","","","","","","","","","","","","","","","","","","","","","","","","","","","","","","","","","","","","","","","","","","","","","","","","","","","","","","","","","","","","","","","","","","","","","","","","","","","","","","","","","","","","","","","","","","","","","","","","","","","",""
"","","","","","","","","","","","","","","90","TTL3","สระบุรี","817.92","710","1152","2732.24","","","0","","","","","","","","","","","","","","","","","","","","","","","","","","","","","","","","","","","","","","","","","","","","","","","","","","","","","","","","","","","","","","","","","","","","","","","","","","","","","","","","","","","","","","","","","","","","","","","","","","","","","","","","","","","","","","","","","","","","","","","","","","","",""
"","","","","","","","","","","","","","","91","Super Scales","ปทุมธานี","154.44","715","216","392.84","","","0","","","","","","","","","","","","","","","","","","","","","","","","","","","","","","","","","","","","","","","","","","","","","","","","","","","","","","","","","","","","","","","","","","","","","","","","","","","","","","","","","","","","","","","","","","","","","","","","","","","","","","","","","","","","","","","","","","","","","","","","","","","",""
"","","","","","","","","","","","","","","92","Thai Rokuha","สมุทรปราการ","249.92","710","352","698.34","","","0","","","","","","","","","","","","","","","","","","","","","","","","","","","","","","","","","","","","","","","","","","","","","","","","","","","","","","","","","","","","","","","","","","","","","","","","","","","","","","","","","","","","","","","","","","","","","","","","","","","","","","","","","","","","","","","","","","","","","","","","","","","",""
"","","","","","","","","","","","","","","93","PHATHANA SEAFOODS","สมุทรสาคร","289.68","710","408","998.82","","","0","","","","","","","","","","","","","","","","","","","","","","","","","","","","","","","","","","","","","","","","","","","","","","","","","","","","","","","","","","","","","","","","","","","","","","","","","","","","","","","","","","","","","","","","","","","","","","","","","","","","","","","","","","","","","","","","","","","","","","","","","","","",""
"","","","","","","","","","","","","","","94","PETPAL","สระบุรี","999.68","710","1408","3107.81","","","0","","","","","","","","","","","","","","","","","","","","","","","","","","","","","","","","","","","","","","","","","","","","","","","","","","","","","","","","","","","","","","","","","","","","","","","","","","","","","","","","","","","","","","","","","","","","","","","","","","","","","","","","","","","","","","","","","","","","","","","","","","","",""
"","","","","","","","","","","","","","","95","P and P Produce Company Limited","ขอนแก่น","200.20","715","280","559.09","","","0","","","","","","","","","","","","","","","","","","","","","","","","","","","","","","","","","","","","","","","","","","","","","","","","","","","","","","","","","","","","","","","","","","","","","","","","","","","","","","","","","","","","","","","","","","","","","","","","","","","","","","","","","","","","","","","","","","","","","","","","","","","",""
"","","","","","","","","","","","","","","96","KK energy resources","ขอนแก่น","52.80","330","160","178.74","","","0","","","","","","","","","","","","","","","","","","","","","","","","","","","","","","","","","","","","","","","","","","","","","","","","","","","","","","","","","","","","","","","","","","","","","","","","","","","","","","","","","","","","","","","","","","","","","","","","","","","","","","","","","","","","","","","","","","","","","","","","","","","",""
"","","","","","","","","","","","","","","97","J.Filter","ชลบุรี","82.94","715","116","200.13","","","0","","","","","","","","","","","","","","","","","","","","","","","","","","","","","","","","","","","","","","","","","","","","","","","","","","","","","","","","","","","","","","","","","","","","","","","","","","","","","","","","","","","","","","","","","","","","","","","","","","","","","","","","","","","","","","","","","","","","","","","","","","","",""
"","","","","","","","","","","","","","","98","CHOKWATANA","สระแก้ว ","265.54","710","374","845.38","","","0","","","","","","","","","","","","","","","","","","","","","","","","","","","","","","","","","","","","","","","","","","","","","","","","","","","","","","","","","","","","","","","","","","","","","","","","","","","","","","","","","","","","","","","","","","","","","","","","","","","","","","","","","","","","","","","","","","","","","","","","","","","",""
"","","","","","","","","","","","","","","99","BYD","ขอนแก่น","57.20","715","80","182.44","","","0","","","","","","","","","","","","","","","","","","","","","","","","","","","","","","","","","","","","","","","","","","","","","","","","","","","","","","","","","","","","","","","","","","","","","","","","","","","","","","","","","","","","","","","","","","","","","","","","","","","","","","","","","","","","","","","","","","","","","","","","","","","",""
"","","","","","","","","","","","","","","106","Jamnongrat Ice Factory","ร้อยเอ็ด","372.00","715","520","1241.32","","","0","","","","","","","","","","","","","","","","","","","","","","","","","","","","","","","","","","","","","","","","","","","","","","","","","","","","","","","","","","","","","","","","","","","","","","","","","","","","","","","","","","","","","","","","","","","","","","","","","","","","","","","","","","","","","","","","","","","","","","","","","","","",""
"","","","","","","","","","","","","","","107","Raweepat biotech","นครปฐม","213.12","720","296","461.86","","","0","","","","","","","","","","","","","","","","","","","","","","","","","","","","","","","","","","","","","","","","","","","","","","","","","","","","","","","","","","","","","","","","","","","","","","","","","","","","","","","","","","","","","","","","","","","","","","","","","","","","","","","","","","","","","","","","","","","","","","","","","","","",""
"","","","","","","","","","","","","","","108","Mae Rien Fish Sauce","ร้อยเอ็ด","244.80","720","340","676.64","","","0","","","","","","","","","","","","","","","","","","","","","","","","","","","","","","","","","","","","","","","","","","","","","","","","","","","","","","","","","","","","","","","","","","","","","","","","","","","","","","","","","","","","","","","","","","","","","","","","","","","","","","","","","","","","","","","","","","","","","","","","","","","",""
"","","","","","","","","","","","","","","109","King Water GROUP","ปทุมธานี","241.92","720","336","863.56","","","0","","","","","","","","","","","","","","","","","","","","","","","","","","","","","","","","","","","","","","","","","","","","","","","","","","","","","","","","","","","","","","","","","","","","","","","","","","","","","","","","","","","","","","","","","","","","","","","","","","","","","","","","","","","","","","","","","","","","","","","","","","","",""
"","","","","","","","","","","","","","","110","AREECHAI WOODTECH","สกลนคร","371.80","715","520","1156.45","","","0","","","","","","","","","","","","","","","","","","","","","","","","","","","","","","","","","","","","","","","","","","","","","","","","","","","","","","","","","","","","","","","","","","","","","","","","","","","","","","","","","","","","","","","","","","","","","","","","","","","","","","","","","","","","","","","","","","","","","","","","","","","",""
"","","","","","","","","","","","","","","111","RIKA","ชลบุรี","1329.90","715","1860","4822.35","","","0","","","","","","","","","","","","","","","","","","","","","","","","","","","","","","","","","","","","","","","","","","","","","","","","","","","","","","","","","","","","","","","","","","","","","","","","","","","","","","","","","","","","","","","","","","","","","","","","","","","","","","","","","","","","","","","","","","","","","","","","","","","",""
"","","","","","","","","","","","","","","112","Luangsiri Ph.2","อุบลราชธานี","452.20","665","680","1282.40","Network Site","","0","","","","","","","","","","","","","","","","","","","","","","","","","","","","","","","","","","","","","","","","","","","","","","","","","","","","","","","","","","","","","","","","","","","","","","","","","","","","","","","","","","","","","","","","","","","","","","","","","","","","","","","","","","","","","","","","","","","","","","","","","","","",""
"","","","","","","","","","","","","","","113","Siam Cans Industry Ph.2","ชลบุรี","96.48","720","134","269.02","","","0","","","","","","","","","","","","","","","","","","","","","","","","","","","","","","","","","","","","","","","","","","","","","","","","","","","","","","","","","","","","","","","","","","","","","","","","","","","","","","","","","","","","","","","","","","","","","","","","","","","","","","","","","","","","","","","","","","","","","","","","","","","",""
"","","","","","","","","","","","","","","114","Sin thong Thai Rubber","ระยอง","294.64","635","464","954.49","","","0","","","","","","","","","","","","","","","","","","","","","","","","","","","","","","","","","","","","","","","","","","","","","","","","","","","","","","","","","","","","","","","","","","","","","","","","","","","","","","","","","","","","","","","","","","","","","","","","","","","","","","","","","","","","","","","","","","","","","","","","","","","",""
"","","","","","","","","","","","","","","115","FAST Factory 1","ชลบุรี","408.96","710","576","1371.45","","","0","","","","","","","","","","","","","","","","","","","","","","","","","","","","","","","","","","","","","","","","","","","","","","","","","","","","","","","","","","","","","","","","","","","","","","","","","","","","","","","","","","","","","","","","","","","","","","","","","","","","","","","","","","","","","","","","","","","","","","","","","","","",""
