เนเธเธ•เน,เธเธทเนเธญเธญเธธเธเธเธฃเธ“เน,เธเธณเธฅเธฑเธเธเธฒเธฃเธเธฅเธดเธ• (kW),เธฃเธงเธกเธเธฒเธฃเธเธฅเธดเธ• (kWh),เธงเธฑเธเธ—เธตเน 1,เธงเธฑเธเธ—เธตเน 2,เธงเธฑเธเธ—เธตเน 3,เธงเธฑเธเธ—เธตเน 4,เธงเธฑเธเธ—เธตเน 5,เธงเธฑเธเธ—เธตเน 6,เธงเธฑเธเธ—เธตเน 7,เธงเธฑเธเธ—เธตเน 8,เธงเธฑเธเธ—เธตเน 9,เธงเธฑเธเธ—เธตเน 10,เธงเธฑเธเธ—เธตเน 11,เธงเธฑเธเธ—เธตเน 12,เธงเธฑเธเธ—เธตเน 13,เธงเธฑเธเธ—เธตเน 14,เธงเธฑเธเธ—เธตเน 15,เธงเธฑเธเธ—เธตเน 16,เธงเธฑเธเธ—เธตเน 17,เธงเธฑเธเธ—เธตเน 18,เธงเธฑเธเธ—เธตเน 19,เธงเธฑเธเธ—เธตเน 20,เธงเธฑเธเธ—เธตเน 21,เธงเธฑเธเธ—เธตเน 22,เธงเธฑเธเธ—เธตเน 23,เธงเธฑเธเธ—เธตเน 24,เธงเธฑเธเธ—เธตเน 25,เธงเธฑเธเธ—เธตเน 26,เธงเธฑเธเธ—เธตเน 27,เธงเธฑเธเธ—เธตเน 28,เธงเธฑเธเธ—เธตเน 29,เธงเธฑเธเธ—เธตเน 30,เธงเธฑเธเธ—เธตเน 31
"PCC","PCC_100KTL_NO_02",,6393.52,355.61,277.53,332.82,307.48,290.11,179.84,156.36,146.32,159.71,100.91,238.22,257.43,175.06,289.97,247.26,256.48,155.22,113.72,155.78,192.92,208.77,331.52,291.97,351.72,357.11,334.90,128.78,,,,
"PCC","PCC_100KTL_NO_01",,8916.05,494.73,385.17,462.31,430.99,407.36,252.08,217.75,203.54,222.28,140.44,331.54,357.28,243.61,404.85,343.20,357.50,216.11,157.87,218.82,270.54,291.59,462.76,407.97,491.35,497.47,467.93,179.01,,,,
"TOYOTA MALIWAN","TO(MALI_100KTL_NO_02",,7295.04,287.50,383.15,329.75,219.92,103.36,286.85,266.13,224.14,295.22,266.38,255.69,49.24,372.43,320.90,311.92,348.52,264.24,484.14,150.56,489.07,154.07,176.46,300.45,351.75,308.86,58.43,235.91,,,,
"TOYOTA MALIWAN","TO(MALI_100KTL_NO_01",,6621.28,259.08,341.58,298.79,196.67,96.15,260.14,243.19,200.67,266.73,240.23,231.45,46.93,336.31,290.47,280.92,312.84,235.10,436.61,145.56,440.95,138.53,157.57,275.81,323.41,285.45,55.77,224.37,,,,
"Hexa ceram","HEXA_100KTL-NO-01",,7427.41,353.42,360.00,319.67,310.78,250.82,242.98,248.91,181.67,193.10,122.04,326.00,163.94,341.04,376.27,322.38,281.95,158.56,151.63,151.77,296.74,250.24,365.15,367.63,458.51,466.34,190.90,174.97,,,,
"Hexa ceram","HEXA_100KTL-NO-02",,6853.26,338.25,340.30,302.53,290.62,238.40,226.27,222.74,164.73,173.63,110.26,303.59,156.07,318.13,348.67,292.00,255.63,142.24,137.35,146.95,266.31,227.28,345.85,321.76,421.47,423.90,182.65,155.68,,,,
"Hexa ceram","HEXA_36KTL-NO-03",,2631.82,128.11,128.15,114.95,111.50,90.77,86.59,82.92,63.34,67.32,42.91,114.35,60.31,120.11,135.10,112.82,98.32,55.64,52.27,54.27,104.34,87.09,128.41,131.50,162.76,168.19,68.40,61.38,,,,
"Jipata","JPT_36KTL_NO_01",,2867.89,140.50,147.26,135.55,135.30,20.85,104.45,94.17,90.10,87.98,64.49,143.67,22.16,176.14,165.92,115.49,104.23,90.90,63.88,19.31,112.03,99.73,129.36,152.73,144.20,189.45,30.40,87.64,,,,
"PTT CG","PTT_CG_36KTL-NO-1",,3118.16,103.56,132.93,98.42,84.73,82.60,119.32,67.92,77.34,119.88,102.07,71.99,114.85,116.08,112.58,148.29,138.24,133.89,158.65,140.70,149.89,126.48,134.64,143.51,132.24,116.30,101.15,89.91,,,,
"หจก. โรงน้ำแข็งจำนงรัตน์ SolarFarm 371.80kWp.","Jn_Inverter02",,9952.04,411.87,519.36,425.87,271.94,290.63,357.57,169.84,284.54,445.27,395.15,139.68,126.86,487.38,476.16,410.07,400.69,0.00,389.21,438.83,634.36,476.00,494.18,447.36,416.09,386.01,295.34,361.78,,,,
"หจก. โรงน้ำแข็งจำนงรัตน์ SolarFarm 371.80kWp.","Jn_Inverter01",,9942.97,411.34,518.68,425.42,271.31,289.40,357.62,169.86,285.29,446.12,393.09,139.21,126.70,487.41,476.14,410.12,400.66,0.00,389.75,438.34,634.38,475.61,494.01,447.43,415.39,382.60,295.63,361.46,,,,
"หจก. โรงน้ำแข็งจำนงรัตน์ SolarFarm 371.80kWp.","Jn_Inverter03",,9153.10,380.80,495.26,376.80,243.10,260.18,323.22,155.01,257.37,411.19,349.17,129.16,122.16,444.28,442.51,381.55,371.28,0.97,370.35,415.13,572.48,434.73,456.26,418.49,379.22,356.62,268.48,337.33,,,,
"YPB Khonkaen 1 ","YPB1_100KTL_NO_01",,7101.26,227.09,215.46,212.11,226.12,43.34,244.51,242.91,194.88,296.59,256.47,230.16,56.23,315.73,275.95,349.07,368.62,327.68,445.96,113.92,465.52,330.94,265.45,384.47,383.97,314.43,107.99,205.69,,,,
"VGreen","Vgreen_100KTL_NO_03",,6938.16,216.93,347.02,286.26,238.34,196.68,103.62,130.92,349.39,267.24,311.23,206.35,203.02,326.88,246.75,199.07,339.83,232.53,343.01,183.81,357.91,186.89,274.28,237.94,360.16,377.97,214.17,199.96,,,,
"VGreen","Vgreen_100KTL_NO_05",,5870.66,173.89,277.67,218.76,182.20,179.83,78.83,101.61,294.45,224.87,259.40,160.08,185.94,254.19,209.51,183.96,273.80,220.83,305.07,168.62,319.29,175.67,257.18,191.11,284.79,313.78,195.57,179.76,,,,
"VGreen","Vgreen_100KTL_NO_01",,6620.25,210.44,340.88,278.58,231.14,194.95,101.62,127.39,337.38,264.08,303.34,195.27,200.45,304.94,230.86,194.99,322.28,225.46,313.47,173.77,338.58,177.28,253.88,227.44,331.93,342.71,205.05,192.09,,,,
"VGreen","Vgreen_100KTL_NO_04",,6858.92,213.64,329.37,274.23,228.69,194.66,102.59,127.20,346.66,247.89,301.89,203.67,200.66,320.32,251.75,199.05,330.67,235.12,350.85,185.04,360.82,187.78,293.36,229.10,346.54,379.51,216.12,201.74,,,,
"VGreen","Vgreen_100KTL_NO_02",,6817.49,214.69,348.27,284.92,235.02,195.75,103.26,130.13,344.69,269.53,309.02,201.33,201.52,317.78,237.41,196.89,332.84,229.91,332.87,180.56,348.84,183.81,262.14,233.60,352.90,364.47,209.74,195.60,,,,
"CY phase 4","CY_lllI_100KTL-NO-09",,10026.94,427.62,417.87,311.36,282.79,263.50,307.44,357.17,257.89,347.34,371.05,267.43,324.83,413.40,374.37,452.45,417.44,404.34,553.08,365.05,475.45,415.29,413.88,460.67,397.77,363.93,312.33,271.20,,,,
"CY phase 4","CY_lllI_100KTL-NO-07",,10086.67,429.62,421.50,313.77,284.20,264.61,308.98,358.80,259.87,349.68,372.63,270.21,326.97,416.56,376.03,454.71,420.49,405.83,556.51,367.44,477.14,418.40,415.88,464.21,399.78,365.44,314.20,273.21,,,,
"CY phase 4","CY_lllI_100KTL-NO-08",,9979.82,425.19,416.86,309.38,281.47,261.59,305.31,355.17,256.34,345.88,369.59,266.69,324.08,411.62,371.45,449.92,415.79,403.11,550.82,363.75,472.75,413.25,411.19,459.56,397.44,362.38,309.52,269.72,,,,
"CY phase 4","CY_lllI_100KTL-NO-10",,10040.43,427.74,420.69,312.58,282.57,262.88,307.22,357.36,257.35,347.30,371.69,267.72,325.25,414.56,373.78,453.62,419.30,404.92,554.87,365.90,475.31,417.21,413.89,460.59,397.65,363.59,313.10,271.79,,,,
"CY phase 4","CY_lllI_100KTL-NO-12",,10032.69,426.91,419.31,311.33,283.76,263.50,308.14,357.30,257.98,347.86,371.44,268.21,325.96,413.87,374.83,452.63,417.38,404.56,551.99,364.56,474.91,414.47,413.42,460.53,399.46,365.97,311.14,271.27,,,,
"CY phase 4","CY_lllI_100KTL-NO-05",,9769.64,407.97,402.29,310.59,277.24,265.30,309.26,336.51,251.15,343.68,356.19,268.89,310.26,406.80,366.77,438.09,403.19,395.74,522.27,354.45,458.40,401.37,400.84,451.73,399.81,355.68,303.71,271.46,,,,
"CY phase 4","CY_lllI_100KTL-NO-04",,9745.83,409.05,401.89,310.35,276.48,264.30,307.54,337.32,248.76,343.12,355.01,268.42,309.46,406.12,365.70,436.77,404.56,393.30,520.62,354.54,457.25,399.75,399.57,450.54,399.05,352.12,304.43,269.81,,,,
"CY phase 4","CY_lllI_100KTL-NO-06",,8958.48,375.77,370.65,280.18,251.69,237.54,276.80,305.10,224.13,311.28,320.76,242.65,288.70,378.45,334.14,398.77,376.80,363.60,484.26,335.81,430.46,367.08,361.13,415.37,371.08,326.19,281.48,248.61,,,,
"CY phase 4","CY_lllI_100KTL-NO-01",,9758.47,409.02,403.13,311.14,276.70,264.99,308.60,337.75,249.34,344.06,355.81,269.06,310.44,406.04,366.03,437.42,404.12,394.48,520.89,354.46,457.35,400.14,399.80,450.02,400.12,352.68,304.35,270.53,,,,
"CY phase 4","CY_lllI_100KTL-NO-03",,9734.36,408.03,401.54,310.06,276.71,265.14,307.98,336.85,249.73,342.75,355.39,268.51,309.77,404.72,365.08,435.35,402.12,392.85,519.93,353.30,456.43,399.13,398.41,448.68,399.22,354.49,302.65,269.54,,,,
"CY phase 4","CY_lllI_100KTL-NO-02",,9796.31,410.23,403.92,312.77,278.44,266.95,310.45,339.50,252.11,345.71,357.48,270.94,311.66,406.47,367.54,437.89,405.03,395.38,522.50,355.06,458.35,402.22,402.36,451.50,400.81,354.49,305.29,271.26,,,,
"CY phase 4","CY_lllI_100KTL-NO-11",,9153.60,385.74,381.81,278.46,255.89,234.59,273.82,319.75,229.47,314.10,333.06,239.99,301.36,386.04,340.73,411.80,385.91,372.86,511.02,344.71,445.54,376.60,370.81,423.60,369.50,334.24,283.84,248.36,,,,
"LUANGSIRI RUBBER Phase 2","LUANG_100KTL_NO_08",,4293.85,261.64,310.65,59.81,216.31,294.00,111.65,133.34,368.10,345.40,0.00,22.68,0.00,0.00,119.71,0.00,0.00,275.81,0.00,6.78,0.00,19.37,409.81,254.71,335.03,201.72,329.80,217.53,,,,
"LUANGSIRI RUBBER Phase 2","LUANG_100KTL_NO_06",,6917.25,416.97,479.43,90.52,339.65,463.09,186.42,218.61,556.43,487.88,0.00,34.29,0.00,0.00,227.59,0.00,0.00,533.32,0.00,7.79,0.00,21.34,666.65,457.81,537.18,344.30,514.66,333.32,,,,
"LUANGSIRI RUBBER Phase 2","LUANG_100KTL_NO_07",,6842.34,409.44,479.18,90.49,339.39,461.19,181.81,217.41,573.10,524.21,0.00,36.72,0.00,0.00,210.92,0.00,0.00,478.93,0.00,9.65,0.00,26.94,681.38,430.20,525.42,318.26,510.57,337.13,,,,
"Crinic korat","HV2040059482",,2415.93,83.82,90.02,89.88,71.88,88.43,45.35,72.26,85.03,76.70,74.99,75.89,107.68,89.95,74.97,106.20,100.06,77.97,113.59,120.60,122.54,86.06,86.09,97.18,108.34,93.50,110.94,66.01,,,,
"KKF BWC V2","BWC_60KTL-NO-04 V.2",,4964.73,,,,,,,,166.66,238.59,205.55,206.93,163.40,253.71,259.03,292.12,257.76,259.34,353.51,273.35,344.21,262.80,231.78,305.00,256.67,241.98,253.10,139.24,,,,
"KKF BWC V2","BWC_60KTL-NO-02 V.2",,5099.00,,,,,,,,169.28,238.46,207.70,212.46,158.78,275.19,251.53,282.95,262.16,254.73,345.21,312.41,359.66,263.14,224.87,315.74,288.15,256.43,265.31,154.84,,,,
"KKF BWC V2","BWC_60KTL-NO-10 V.2",,4833.99,,,,,,,,159.68,229.63,196.68,200.79,157.52,252.98,244.45,274.99,248.50,245.98,334.33,287.00,338.20,251.55,219.62,299.23,260.14,236.53,252.56,143.63,,,,
"KKF BWC V2","BWC_60KTL-NO-08 V.2",,4965.61,,,,,,,,165.54,232.99,200.96,208.71,154.20,271.80,243.31,272.37,256.55,245.67,329.62,309.04,350.25,252.20,216.56,307.52,282.43,248.58,262.15,155.16,,,,
"KKF BWC V2","BWC_60KTL-NO-01 V.2",,5117.83,,,,,,,,169.51,239.66,208.10,213.66,158.72,276.85,252.98,284.32,263.89,256.22,345.07,313.54,360.37,262.83,225.29,317.05,289.34,258.59,266.18,155.66,,,,
"KKF BWC V2","BWC_60KTL-NO-11 V.2",,3835.84,,,,,,,,126.92,186.41,154.97,159.61,143.60,193.63,199.53,223.29,200.26,200.76,273.12,215.82,262.52,196.46,179.50,231.57,191.74,179.41,207.06,109.66,,,,
"KKF BWC V2","BWC_60KTL-NO-05 V.2",,3639.23,,,,,,,,117.49,169.25,144.24,148.82,129.28,199.85,175.35,197.02,184.51,178.50,238.45,231.00,253.95,182.83,156.30,223.33,202.04,178.70,205.00,123.32,,,,
"KKF BWC V2","BWC_60KTL-NO-12 V.2",,4748.29,,,,,,,,160.32,231.66,196.52,200.45,161.66,238.09,250.79,281.43,249.38,250.91,338.95,259.32,325.06,248.61,225.41,289.31,242.34,227.58,240.71,129.79,,,,
"KKF BWC V2","BWC_60KTL-NO-06 V.2",,5037.42,,,,,,,,167.07,235.58,204.77,210.20,157.25,271.79,248.30,278.87,259.00,251.46,339.00,307.70,355.45,260.41,222.09,312.27,285.43,253.05,263.61,154.12,,,,
"KKF BWC V2","BWC_60KTL-NO-09 V.2",,4881.89,,,,,,,,162.33,228.11,197.57,203.88,152.62,266.87,237.35,266.43,250.49,240.37,326.74,304.64,345.24,249.09,212.40,302.36,277.66,245.60,258.95,153.19,,,,
"KKF BWC V2","BWC_60KTL-NO-13 V.2",,4779.94,,,,,,,,161.45,232.56,197.78,201.05,162.29,239.70,252.15,282.70,250.87,251.88,343.08,262.32,327.09,251.48,228.27,292.03,240.87,230.48,241.75,130.14,,,,
"KKF BWC V2","BWC_60KTL-NO-07 V.2",,4936.21,,,,,,,,164.49,232.06,199.08,207.54,152.53,272.30,241.69,271.59,256.31,244.42,326.18,309.22,347.15,246.24,213.65,306.71,281.75,246.86,261.37,155.07,,,,
"KKF BWC V2","BWC_60KTL-NO-03 V.2",,4923.12,,,,,,,,164.07,236.52,202.84,205.03,161.84,252.05,257.41,289.92,255.40,257.49,350.47,272.64,341.36,259.64,228.96,303.10,254.44,239.88,251.51,138.55,,,,
"PHATHANA SEAFOODS","PTNSFInverter3",,3087.92,142.47,142.33,100.39,90.16,73.38,119.53,115.25,144.39,96.61,127.01,109.33,67.51,101.19,132.97,114.24,112.51,113.15,156.23,83.57,166.80,129.50,100.93,87.51,147.74,135.49,93.36,84.37,,,,
"PHATHANA SEAFOODS","PTNSFInverter2",,6065.90,279.64,295.18,210.26,180.01,126.03,234.93,228.90,283.85,192.18,250.44,216.60,124.83,201.25,263.42,226.58,221.50,224.27,309.12,142.61,324.57,256.06,201.14,173.70,295.88,270.49,165.55,166.91,,,,
"PHATHANA SEAFOODS","PTNSFInverter1",,20021.47,918.32,831.82,633.54,587.46,383.36,736.26,785.05,912.94,651.61,828.43,715.71,400.55,674.18,883.03,790.11,745.98,722.36,1029.22,449.84,1112.22,845.55,674.04,619.67,1034.87,933.78,509.90,611.67,,,,
"YPB  Khonkaen 2","YPB2_10KTL_NO_01",,1067.67,29.73,29.50,28.45,30.04,26.01,32.34,31.72,25.78,39.64,33.79,30.34,37.25,42.51,36.76,46.20,48.29,43.80,60.26,56.02,62.04,44.23,35.79,52.52,51.04,41.35,44.72,27.55,,,,
"Rc Farm 2","RC_F_2_100KTL P1",,7849.22,309.10,309.09,192.49,123.18,365.41,356.25,237.83,387.08,358.39,331.58,333.57,106.35,237.40,203.33,234.31,343.81,349.56,366.96,348.97,385.37,376.13,396.33,304.29,230.19,260.56,233.83,167.86,,,,
"PTT 7-11 E1","HV2230082213",,2400.91,89.69,117.12,80.29,62.37,63.02,89.60,48.56,58.07,86.84,75.72,51.28,81.45,80.82,99.52,107.60,105.02,95.82,118.58,118.14,109.25,93.78,98.60,112.14,94.96,103.98,82.80,75.89,,,,
"อาคารชลประทีปสินทรัพย์(office CCP)","ES21B0047811",,10197.51,394.26,486.63,200.51,235.64,155.08,384.35,409.14,487.11,423.03,455.53,432.71,157.19,418.17,472.21,434.73,405.03,379.38,474.65,192.79,514.54,491.36,429.61,376.25,494.42,475.14,141.13,276.92,,,,
"NR Phase 3","NR_lll_100KTL_NO_01",,9972.84,334.68,402.15,341.89,260.24,261.93,323.16,358.86,303.72,400.90,334.37,325.48,372.53,461.92,313.03,446.29,459.26,335.90,540.16,494.32,566.78,315.35,172.26,412.07,447.31,363.27,323.54,301.47,,,,
"NR Phase 3","NR_lll_100KTL_NO_02",,9947.78,333.21,402.38,341.64,261.89,263.59,322.88,359.31,306.34,401.21,337.34,329.43,371.47,459.56,316.56,443.91,456.70,336.53,533.45,489.32,559.72,313.34,175.20,409.76,442.15,360.42,323.67,296.80,,,,
"NR Phase 3","NR_lll_100KTL_NO_03",,9914.91,333.31,400.55,337.63,258.99,261.60,321.07,357.93,303.39,398.39,335.06,325.28,373.20,453.76,313.29,443.24,454.32,334.80,536.58,487.83,559.63,313.08,173.16,411.19,444.67,361.12,323.88,297.96,,,,
"Brose Project Solar Rooftop 249.60kWp","BsInverter(COM1-2)",,5195.01,171.26,273.67,124.55,57.21,66.85,206.50,269.45,296.94,189.66,259.83,66.13,61.48,196.90,251.38,260.31,236.51,208.29,208.95,67.65,312.44,289.11,290.70,215.86,256.38,189.48,66.52,101.00,,,,
"Brose Project Solar Rooftop 249.60kWp","BSInverter(COM1-1)",,15547.30,520.27,824.20,376.51,175.26,201.93,625.21,814.57,733.15,575.56,788.30,199.86,185.61,592.70,761.63,784.52,712.16,632.08,633.21,204.86,950.60,877.44,878.70,650.39,772.58,571.53,200.14,304.33,,,,
"PYK. TOOL AND DIE 113.60 kWp","Inverter(COM3-1)",,7905.97,384.00,411.50,356.72,307.47,5.98,302.90,381.91,425.33,334.52,356.46,324.41,10.96,326.04,400.01,384.95,372.81,367.16,385.72,6.69,427.13,369.39,300.09,145.72,374.63,199.03,32.74,211.70,,,,
"KANTANG 2","KT2_100KTL-M2-COM1-1",,4844.74,63.83,74.06,185.33,235.44,225.87,229.79,224.57,244.35,157.25,230.14,237.82,212.52,97.03,166.53,54.45,123.89,217.58,186.63,203.74,231.68,237.24,219.93,238.38,105.92,139.32,170.80,130.65,,,,
"KANTANG 2","KT2_100KTL-M2-COM1-2",,4765.40,63.58,73.24,183.12,232.04,222.59,223.28,221.23,240.00,156.79,225.41,236.74,206.98,94.27,162.02,51.97,120.87,215.57,185.00,200.46,229.60,234.05,220.27,236.06,102.12,135.19,166.23,126.72,,,,
"KANTANG 2","KT2_100KTL-M2-COM1-3",,7935.35,106.32,120.62,297.69,371.04,361.62,367.60,359.91,389.51,252.42,372.91,385.26,345.59,162.63,275.26,92.81,209.43,364.22,317.84,342.25,387.03,393.79,372.46,386.41,183.75,237.73,267.15,212.10,,,,
"KANTANG 2","KT2_100KTL-M2-COM1-4",,1601.79,6.53,7.89,20.72,24.46,24.87,25.28,23.96,24.93,16.30,25.32,26.02,21.66,10.77,19.48,5.47,13.99,25.13,21.32,23.37,26.25,25.62,23.85,130.03,214.01,266.61,316.11,231.84,,,,
"KANTANG 2","KT2_100KTL-M2-COM1-5",,1252.83,0.00,0.00,0.00,0.00,0.00,0.00,0.00,0.00,0.00,0.00,0.00,0.00,0.00,0.00,0.00,0.00,0.00,0.00,0.00,0.00,0.00,0.00,129.40,242.27,292.73,349.03,239.40,,,,
"คลัง KKF","KKF-1-100KTL_NO_07",,8179.22,292.11,320.75,252.74,255.32,99.43,303.65,268.38,253.89,361.83,302.95,320.46,93.36,356.60,349.48,401.83,356.89,352.68,464.20,100.30,487.01,377.22,335.49,415.88,413.15,311.18,87.86,244.58,,,,
"YPB Chum Phae","YPB_CP_60KTL_NO_01",,3329.18,122.82,161.11,150.42,115.35,5.57,146.71,142.62,119.89,136.70,144.38,121.26,6.30,157.75,156.57,156.14,163.48,135.59,175.45,10.01,202.70,85.72,101.38,162.25,166.55,143.01,28.46,110.99,,,,
"CY Phase 3","CY_lll_100KTL-NO-03",,12563.08,493.97,491.75,360.79,336.52,300.64,352.10,398.89,284.07,401.36,412.86,328.79,430.28,558.60,451.97,483.16,554.77,543.36,678.23,637.35,676.47,517.83,463.29,581.32,572.83,458.92,456.71,336.25,,,,
"CY Phase 3","CY_lll_100KTL-NO-01",,13128.85,520.80,516.72,367.64,350.22,302.06,356.93,423.74,295.68,413.83,437.12,333.32,462.16,577.47,472.07,505.20,585.00,565.84,728.97,672.18,715.11,545.65,485.00,609.77,583.52,483.72,475.61,343.52,,,,
"CY Phase 3","CY_lll_100KTL-NO-04",,13257.01,525.92,530.50,368.08,352.13,301.70,358.58,427.20,295.34,419.08,439.20,333.00,464.22,593.36,478.00,511.77,590.40,570.40,736.50,678.45,721.68,549.67,488.14,615.86,590.52,490.91,480.39,346.01,,,,
"CY Phase 3","CY_lll_100KTL-NO-02",,12948.76,516.35,515.53,363.23,346.61,298.28,351.83,419.23,292.68,409.67,431.58,328.61,452.05,571.67,465.71,499.52,576.10,555.61,719.39,661.94,703.28,539.35,479.29,596.32,574.56,473.58,469.04,337.75,,,,
"CY Phase 3","CY_lll_60KTL-NO-05",,4982.25,197.00,203.51,139.59,131.52,114.79,135.20,158.02,111.52,159.76,163.42,127.99,170.71,227.57,178.35,193.73,220.36,216.10,272.12,252.41,268.21,206.17,181.41,232.73,224.40,182.75,182.09,130.82,,,,
"Fairy Plaza KK","FR100KTL-M2(COM14)",,11602.89,306.97,347.12,315.59,318.68,293.36,365.65,315.52,296.35,438.98,368.88,345.01,391.40,497.40,427.93,499.28,524.96,450.38,619.90,577.28,662.96,465.24,390.65,569.22,528.31,446.61,528.10,311.16,,,,
"Fairy Plaza KK","FR100KTL-M2(COM16)",,12460.58,333.54,358.79,334.07,343.33,312.63,388.13,340.87,315.17,471.65,392.87,368.52,428.46,525.61,463.31,544.68,564.59,488.01,685.92,615.67,718.09,510.41,427.27,608.56,559.79,473.42,562.31,324.91,,,,
"Fairy Plaza KK","FR100KTL-M2(COM12)",,11081.04,303.45,323.06,293.33,311.61,281.36,347.40,308.09,282.55,422.73,349.93,330.15,386.71,466.90,420.63,485.89,506.37,436.36,606.86,530.64,630.55,450.69,382.39,530.56,486.86,426.01,491.89,288.07,,,,
"Fairy Plaza KK","FR100KTL-M2(COM15)",,12717.33,342.62,377.05,348.83,350.68,321.77,403.52,347.82,325.90,481.60,407.09,378.91,431.67,542.38,468.93,550.28,570.00,493.60,680.35,630.26,719.73,516.63,429.37,621.31,574.85,493.59,570.18,338.41,,,,
"Fairy Plaza KK","FR100KTL-M2(COM13)",,11058.28,298.81,331.61,298.80,307.40,282.46,351.01,306.11,284.01,422.06,354.50,332.60,374.64,472.35,413.62,476.65,499.13,431.41,587.20,537.50,621.89,447.16,377.76,536.47,497.37,425.49,496.00,294.27,,,,
"TEM Building A","TEM1Inverter5",,10956.23,349.55,505.93,257.24,223.45,268.82,416.68,453.89,560.63,425.42,507.66,473.31,61.75,450.30,495.63,482.96,458.99,414.43,569.45,58.40,590.68,560.12,488.47,408.44,524.02,579.44,54.36,316.21,,,,
"TEM Building A","TEST Inverter",,0.00,0.00,0.00,0.00,0.00,0.00,0.00,0.00,0.00,0.00,0.00,0.00,0.00,0.00,0.00,0.00,0.00,0.00,0.00,0.00,0.00,0.00,0.00,0.00,0.00,0.00,0.00,0.00,,,,
"TEM Building A","TEM1Inverter3",,10939.01,347.53,503.73,248.19,228.15,270.13,424.93,442.17,565.78,429.04,504.96,475.61,61.89,440.63,495.88,472.30,453.28,419.98,575.51,58.83,592.49,554.42,497.86,411.00,529.20,577.84,54.66,303.02,,,,
"TEM Building A","TEM1Inverter1",,10848.74,347.56,510.20,250.89,226.17,269.76,420.15,447.04,563.64,420.65,499.39,469.69,61.86,446.42,491.91,476.19,450.44,414.78,572.88,58.65,582.58,546.62,487.61,395.04,515.31,562.18,54.49,306.64,,,,
"TEM Building A","TEM1Inverter7",,10716.14,340.73,495.04,237.42,224.70,269.05,419.04,432.48,553.60,415.34,494.32,466.78,61.67,430.02,487.36,463.70,446.24,414.66,569.09,58.39,573.66,538.74,491.38,401.30,515.98,564.62,54.27,296.56,,,,
"TEM Building A","TEM1Inverter4",,11044.53,350.44,510.65,257.16,226.32,269.54,421.08,454.99,569.36,428.65,510.31,477.28,61.89,453.60,500.83,484.84,461.81,418.44,577.75,58.40,596.18,563.51,497.18,409.30,529.73,583.96,54.37,316.96,,,,
"TEM Building A","TEM1Inverter8",,10887.17,347.55,502.80,256.55,222.50,268.68,416.77,452.74,554.38,421.62,505.77,473.42,60.40,451.43,495.41,481.34,453.98,413.28,565.77,58.37,579.69,547.96,487.93,400.75,524.69,574.20,54.14,315.05,,,,
"TEM Building A","TEM1Inverter2",,10979.26,347.93,505.76,247.44,227.55,270.21,425.95,445.48,568.90,428.59,506.71,477.59,61.80,443.83,498.34,477.24,456.22,421.11,578.52,58.66,593.28,555.98,501.59,409.74,530.76,580.42,54.45,305.21,,,,
"TEM Building A","TEM1Inverter6",,10704.57,343.14,498.58,241.79,225.59,269.13,422.67,394.78,555.99,422.40,498.22,470.15,61.74,435.70,490.52,467.43,449.01,415.97,563.00,58.48,566.19,544.01,490.92,380.16,519.58,567.12,54.15,298.15,,,,
"IJTT-HEAD OFFICE","IJ_100KTL-M2-COM1-4",,11182.73,469.21,552.17,279.03,232.70,245.17,442.48,460.02,541.92,463.01,496.41,444.70,393.81,419.87,518.05,513.97,411.89,385.65,490.39,532.79,579.08,554.55,491.23,416.95,510.16,142.90,116.13,78.49,,,,
"IJTT-HEAD OFFICE","IJ_100KTL-M2-COM1-3",,13374.80,570.97,669.44,337.63,280.33,255.65,538.68,554.64,654.08,567.69,599.36,522.27,479.00,512.85,625.59,622.23,499.19,471.46,583.96,612.96,698.13,674.98,591.12,500.51,610.57,143.73,117.70,80.08,,,,
"IJTT-HEAD OFFICE","IJ_100KTL-M2-COM1-2",,11839.12,567.50,627.20,292.31,243.30,247.63,466.30,484.80,570.31,486.43,521.47,463.19,414.47,440.90,543.42,539.06,432.64,405.17,513.15,555.82,610.74,584.55,516.59,438.12,535.50,142.89,116.38,79.28,,,,
"IJTT-HEAD OFFICE","IJ_100KTL-M2-COM1-5",,10265.16,470.04,525.96,250.86,209.26,238.98,399.75,419.11,493.29,417.17,451.78,408.36,356.17,377.72,469.83,463.55,373.20,347.13,448.54,491.89,525.93,502.01,446.93,379.54,463.78,141.98,115.04,77.36,,,,
"IJTT-HEAD OFFICE","IJ_100KTL-M2-COM1-1",,13265.13,563.79,665.27,336.42,278.10,256.13,532.98,549.34,649.41,563.85,595.31,518.13,473.24,509.08,621.11,618.95,493.70,465.74,577.93,608.69,690.83,669.30,587.11,494.88,604.15,143.97,117.60,80.12,,,,
"IJTT-HEAD OFFICE","IJ_100KTL-M2-COM1-6",,10632.80,463.30,545.04,273.19,228.92,244.71,448.21,456.66,534.36,454.76,489.00,438.77,0.00,386.55,508.87,506.57,406.74,382.15,482.12,526.46,572.83,546.44,483.56,410.46,506.44,142.66,115.81,78.22,,,,
"IJTT-HEAD OFFICE","IJ_100KTL-M2-COM1-12",,13359.19,566.12,669.57,341.03,279.39,254.15,529.62,557.59,648.33,570.34,598.96,523.93,479.16,517.49,621.48,625.65,499.06,468.50,577.84,613.72,696.23,678.23,585.79,501.81,611.79,144.18,117.93,81.30,,,,
"IJTT-HEAD OFFICE","IJ_100KTL-M2-COM1-8",,13350.30,566.14,667.61,341.67,280.46,255.07,533.12,554.92,649.15,569.37,599.22,524.32,479.62,518.68,619.76,623.21,499.98,468.79,577.51,612.23,693.60,674.13,584.88,503.81,609.88,144.32,117.88,80.97,,,,
"IJTT-HEAD OFFICE","IJ_100KTL-M2-COM1-7",,13216.73,560.69,660.14,336.66,275.00,251.81,525.26,554.35,639.14,560.53,591.73,519.45,473.16,512.15,617.28,621.23,497.86,464.12,569.83,602.88,684.43,668.88,580.86,499.32,608.07,143.74,117.48,80.68,,,,
"IJTT-HEAD OFFICE","IJ_100KTL-M2-COM1-11",,13559.37,577.77,679.69,343.94,284.38,255.70,543.75,565.57,663.19,576.81,610.24,532.02,485.95,524.81,632.80,635.27,506.11,477.95,589.96,614.24,702.16,684.38,598.20,511.71,620.45,144.11,117.81,80.40,,,,
"IJTT-HEAD OFFICE","IJ_100KTL-M2-COM1-10",,12664.79,537.71,631.34,318.12,265.73,252.90,506.17,524.76,620.89,533.21,566.62,497.12,451.86,484.10,590.84,587.24,469.52,441.93,555.35,586.74,657.41,635.39,560.09,472.03,576.13,144.05,117.72,79.82,,,,
"IJTT-HEAD OFFICE","IJ_100KTL-M2-COM1-9",,13300.85,565.25,663.24,341.26,279.89,254.70,531.60,552.82,644.58,567.40,596.54,521.96,478.72,515.82,616.55,620.65,498.15,468.45,576.58,611.42,691.69,671.15,583.33,500.21,606.57,144.04,117.50,80.78,,,,
"NR-FRAM","NR-Farm60KTL-NO-01",,3768.36,117.94,131.80,132.38,115.72,73.58,82.65,135.69,122.59,156.45,138.18,139.26,138.70,158.35,133.84,176.68,171.81,147.98,187.06,163.04,195.38,142.98,89.77,172.08,159.75,161.19,137.63,85.88,,,,
"NR-FRAM","NR-Farm60KTL-NO-02",,3807.39,118.99,132.82,134.13,117.11,74.03,82.96,136.50,123.78,157.32,139.64,140.44,139.72,160.06,135.39,178.40,172.81,149.09,188.90,164.97,196.98,145.75,91.87,174.20,161.69,163.93,139.54,86.37,,,,
"Rc farm 1","RC_F_1_100KTL P1",,8917.34,359.43,328.34,233.01,132.60,394.79,400.29,294.22,452.27,458.48,477.50,416.95,56.59,255.76,209.82,111.67,362.92,419.74,479.83,430.72,478.45,559.64,523.46,0.93,284.61,366.78,249.89,178.65,,,,
"Rc farm 1","RC_F_1_100KTL P2",,8991.65,349.49,313.47,225.90,126.52,375.27,381.29,283.90,433.15,433.44,450.57,399.72,100.34,243.76,199.60,226.95,346.88,400.78,461.04,406.14,461.91,531.76,493.55,311.09,271.65,353.50,237.81,172.17,,,,
"KU-THONG","KT_100KTL_NO_03",,5250.62,191.15,249.55,144.54,117.28,139.31,159.42,131.57,123.94,192.31,185.12,143.76,143.45,222.96,185.45,222.70,219.30,216.29,293.23,272.87,275.95,237.81,155.38,224.53,223.69,233.22,196.61,149.23,,,,
"KU-THONG","KT_100KTL_NO_01",,7043.06,252.77,339.50,201.36,157.32,198.64,222.46,174.16,174.00,266.58,259.35,200.11,182.96,304.27,255.15,296.26,295.11,295.70,372.79,356.07,354.72,317.24,211.77,288.20,302.78,305.58,256.52,201.69,,,,
"KU-THONG","KT_60KTL_NO_04",,4745.43,171.56,227.29,130.39,101.38,127.80,144.26,115.75,112.95,173.56,172.65,130.53,128.35,205.07,168.79,201.60,198.76,196.61,262.68,243.60,248.94,217.95,141.51,197.65,204.95,213.20,171.14,136.51,,,,
"KU-THONG","KT_100KTL_NO_02",,7652.14,279.25,367.27,217.26,169.52,213.34,238.81,190.30,188.01,285.89,281.66,213.08,207.28,324.18,273.31,324.14,318.21,316.27,413.18,384.50,388.55,350.95,232.07,312.21,326.88,341.28,276.58,218.16,,,,
"Thanachok Palm ","TCP-Inverter(COM2-2)",,4785.38,,,,,,,0.00,0.05,0.00,0.00,2.15,0.00,0.00,18.06,10.17,35.38,81.19,971.28,883.30,131.98,538.00,351.51,100.83,94.56,356.89,831.88,378.15,,,,
"Thanachok Palm ","TCP-Inverter(COM2-1)",,6018.46,,,,,,,0.00,2.18,0.24,0.00,0.00,187.56,0.00,39.19,120.67,81.90,81.65,1012.26,931.88,106.76,485.85,401.93,398.43,204.23,798.29,827.06,338.38,,,,
"Siam Cans Industry ","SCI Inverter 2",,12748.08,378.75,519.27,295.96,236.84,286.77,586.56,430.01,704.60,550.74,643.75,532.12,330.55,501.22,552.38,580.61,434.23,469.69,689.07,304.32,588.65,588.57,625.29,429.89,619.64,642.56,209.29,16.75,,,,
"Siam Cans Industry ","SCI Inverter 1",,2975.14,89.02,120.05,70.03,57.71,60.71,139.81,103.72,166.16,134.90,149.51,123.83,75.72,121.06,128.51,137.94,104.66,114.53,159.42,67.81,130.10,132.77,145.47,104.49,143.49,146.20,44.14,3.38,,,,
"Siam Cans Industry ","SCI Inverter 3",,7968.03,235.31,326.53,182.67,145.10,186.87,364.85,265.92,439.98,335.71,401.90,332.93,207.65,308.33,345.77,360.94,267.24,290.95,432.80,195.87,373.13,372.14,389.63,266.39,385.73,406.34,136.33,11.02,,,,
"Chawalit Rice 316.80kWp.","CWInverter(COM1-13)",,7271.42,269.15,161.25,204.89,357.52,263.55,154.39,177.43,165.25,190.45,143.25,296.23,536.69,264.18,150.41,166.95,172.59,299.91,671.14,679.00,167.23,168.90,177.05,209.95,183.16,461.09,512.48,67.33,,,,
"Chawalit Rice 316.80kWp.","CWInverter(COM1-12)",,9718.48,393.29,240.90,306.55,426.15,358.63,220.70,254.23,247.78,280.45,212.72,350.99,648.26,361.25,219.79,250.43,258.52,431.07,814.11,816.90,250.92,250.80,262.93,306.89,271.59,566.56,615.09,100.98,,,,
"PTT E5","PTT_E5_60KTL-NO-1",,6002.19,207.97,257.19,190.15,162.55,162.45,228.64,131.74,137.14,238.77,198.87,142.49,240.17,233.25,214.96,266.64,263.84,255.79,297.99,274.62,284.54,238.20,254.63,260.65,248.33,218.34,207.72,184.56,,,,
"TTP SolarRooftop","Inverter 150kW 04",,6953.28,,,,,,,,,,,,,,,99.83,615.27,708.12,993.35,0.00,1098.37,833.03,718.99,600.94,665.60,604.19,15.59,0.00,,,,
"TTP SolarRooftop","Inverter 150kW 03",,6975.81,,,,,,,,,,,,,,,106.37,614.38,712.64,999.90,0.00,1104.09,831.44,720.81,602.06,664.84,604.34,14.94,0.00,,,,
"TTP SolarRooftop","Inverter 150kW 02",,6862.60,,,,,,,,,,,,,,,105.06,606.47,712.52,989.25,0.00,1079.11,792.75,716.99,596.01,652.41,598.32,13.71,0.00,,,,
"TTP SolarRooftop","Inverter 150kW 01",,6502.53,,,,,,,,,,,,,,,108.16,568.93,683.72,936.21,0.00,1000.30,746.62,696.22,565.18,607.54,578.21,11.44,0.00,,,,
"TTP SolarRooftop","Inverter 150kW 05",,7322.75,,,,,,,,,,,,,,,94.26,552.21,640.55,885.54,0.00,973.94,741.13,652.34,537.61,626.46,580.60,661.95,376.16,,,,
"TTP SolarRooftop","Inverter 50kW 06",,1012.90,,,,,,,,,,,,,,,,,,,,,13.06,245.09,201.83,213.05,182.90,31.43,125.54,,,,
"โรงสีศรีสกลเพียวไรซ์","โรงสี_1",,7401.31,362.99,399.93,219.12,218.33,161.39,189.83,291.70,229.19,312.27,314.28,207.58,192.78,217.21,320.80,304.06,337.61,270.64,412.86,388.35,367.60,290.13,172.62,269.85,312.66,250.65,269.58,117.30,,,,
"โรงสีศรีสกลเพียวไรซ์","โรงสี_4",,9182.58,415.14,438.82,242.01,253.27,187.03,224.72,344.78,269.55,372.61,383.06,251.40,234.51,240.79,367.08,377.02,427.34,349.09,534.38,510.71,498.39,388.92,232.20,345.32,410.19,352.70,374.89,156.66,,,,
"โรงสีศรีสกลเพียวไรซ์","โรงสี_2",,7741.74,363.96,329.11,213.36,212.45,154.27,185.25,303.67,233.12,303.26,328.24,202.15,232.31,227.92,370.99,292.68,385.63,309.04,401.76,414.78,388.88,289.65,201.15,294.65,334.23,312.20,327.56,129.47,,,,
"โรงสีศรีสกลเพียวไรซ์","โรงสี_3",,8427.03,382.76,394.99,226.35,231.06,170.01,202.25,319.43,247.90,337.56,349.62,225.55,222.98,231.49,359.29,334.41,395.42,320.96,474.04,461.08,447.06,345.50,214.09,324.06,377.33,332.53,352.70,146.61,,,,
"TS. industry","TS._50KTL_NO_04",,4517.57,218.17,236.30,207.32,140.00,6.48,190.54,191.71,214.10,182.21,195.29,202.77,6.63,191.55,237.42,213.06,161.44,174.70,257.48,12.27,273.89,206.79,175.32,156.98,229.53,219.64,14.94,1.04,,,,
"TS. industry","TS._50KTL_NO_01",,4668.25,226.50,250.11,213.22,142.56,6.36,200.65,189.77,231.84,185.95,200.61,208.29,6.65,191.95,248.67,216.27,161.86,181.14,276.17,10.17,290.66,218.67,179.36,158.90,235.55,222.27,13.06,1.04,,,,
"TS. industry","TS._50KTL_NO_02",,4688.07,228.05,251.37,214.53,143.18,6.24,201.80,191.44,232.42,186.77,201.71,209.22,6.58,193.24,249.56,217.92,162.71,182.45,273.42,10.54,291.20,219.41,180.69,160.12,236.14,222.98,13.34,1.04,,,,
"TS. industry","TS._50KTL_NO_05",,4524.00,218.70,238.85,206.37,139.17,6.44,191.55,190.59,217.41,181.62,195.24,200.44,6.80,190.51,237.32,212.69,160.88,174.84,259.47,12.15,277.59,208.50,177.57,156.39,229.12,217.97,14.78,1.04,,,,
"TS. industry","TS._50KTL_NO_03",,4498.60,218.94,240.06,205.58,138.13,6.15,197.51,181.89,224.22,178.71,191.51,200.24,6.42,183.89,242.84,207.28,156.09,175.55,265.81,8.88,281.93,211.08,174.56,152.28,224.65,211.75,11.92,0.73,,,,
"TS. industry","TS._50KTL_NO_07",,2566.59,113.74,118.99,115.72,81.58,4.66,91.86,128.91,116.42,107.66,115.77,111.85,4.62,116.99,132.37,131.42,100.70,97.56,136.85,8.61,137.53,107.73,101.26,93.86,135.99,142.61,10.61,0.72,,,,
"TS. industry","TS._50KTL_NO_06",,4157.41,197.23,215.46,188.82,129.73,6.04,177.61,178.92,200.90,168.74,180.54,184.48,6.35,176.87,221.79,197.54,148.97,162.11,237.39,10.45,251.42,190.48,157.25,144.35,207.22,202.83,13.20,0.72,,,,
"TEM Building B","TEM2Inverter1",,10185.08,347.84,459.87,198.02,238.87,153.96,372.71,375.03,360.48,303.60,453.72,222.30,176.40,346.06,261.23,209.32,320.95,369.19,485.98,406.19,600.14,617.66,552.19,434.11,574.21,641.89,370.90,332.26,,,,
"TEM Building B","TEM2Inverter2",,4350.86,144.02,197.90,84.97,96.59,75.87,157.24,162.25,162.00,133.44,192.23,105.63,79.81,150.69,119.77,99.21,144.96,157.96,207.79,189.71,239.97,250.58,216.17,176.56,227.70,260.31,175.82,141.71,,,,
"TOYOTA LOEI ","TO(LOEI_100KTL_NO_02",,6348.83,311.77,294.10,357.95,269.31,14.58,263.01,321.93,231.85,201.37,202.74,208.88,22.80,302.67,323.70,327.71,253.10,217.58,362.00,14.05,284.90,170.65,224.87,348.94,326.06,261.12,14.12,217.07,,,,
"TOYOTA LOEI ","TO(LOEI_100KTL_NO_01",,6969.76,343.71,322.64,393.56,297.91,14.51,288.84,353.64,253.46,222.40,223.52,232.84,22.71,333.31,352.33,360.63,278.34,241.16,397.83,13.81,315.89,187.42,246.57,380.52,357.69,283.69,14.05,236.78,,,,
"Forest Water 637.2kWp","FWInverter1(COM1-3)",,9012.94,334.65,397.22,86.86,308.11,297.71,269.07,257.42,227.36,419.03,390.65,372.14,409.13,101.28,403.71,502.67,388.05,379.00,574.22,25.03,44.32,334.34,397.00,585.76,580.00,231.50,374.59,322.12,,,,
"Forest Water 637.2kWp","FWInverter2(COM1-2)",,9156.02,344.64,398.72,85.46,282.94,311.34,271.15,347.40,307.91,424.09,380.47,360.42,393.61,101.28,393.32,473.82,381.10,428.70,575.21,24.82,44.37,334.56,385.85,582.13,581.16,227.86,390.10,323.59,,,,
"Forest Water 637.2kWp","FWInverter3(COM1-1)",,8559.16,308.86,376.39,86.11,301.93,279.32,252.08,317.20,278.10,421.26,354.71,320.32,341.36,100.90,367.72,467.54,412.58,353.96,527.94,23.88,44.28,317.37,358.12,460.16,532.25,239.54,417.09,298.19,,,,
"Forest Water 637.2kWp","FWInverter4(COM1-4)",,9538.87,360.06,416.55,88.48,356.37,324.65,270.98,356.71,226.57,343.92,368.53,380.84,434.33,101.64,419.67,519.26,452.47,453.54,606.69,21.78,43.78,297.77,411.09,608.37,587.10,284.36,481.73,321.63,,,,
"Forest Water 637.2kWp","FWInverter5(COM1-5)",,9617.55,360.51,419.44,88.43,355.42,324.38,271.39,365.40,258.35,374.08,374.44,379.52,433.40,101.79,418.77,517.71,451.76,451.22,606.30,22.67,44.19,306.08,411.71,605.60,587.70,284.07,481.55,321.67,,,,
"PVO - DF3 BUILDING 739.8kWp","PVO-DF3-INV 12",,3111.32,130.35,103.45,104.66,65.02,105.78,123.46,119.64,130.52,120.57,105.49,109.95,103.61,113.17,111.24,122.83,102.88,106.32,137.87,146.77,145.46,118.62,112.36,114.30,132.26,124.78,114.34,85.62,,,,
"PVO - DF3 BUILDING 739.8kWp","PVO-DF3-INV 09",,6065.80,253.46,197.58,201.19,127.24,208.44,241.85,231.55,248.03,236.64,203.99,214.72,198.71,214.93,212.38,236.84,199.74,211.48,275.72,291.52,288.88,232.83,223.57,225.88,263.93,242.54,221.41,160.75,,,,
"PVO - DF3 BUILDING 739.8kWp","PVO-DF3-INV 10",,5704.42,240.87,185.46,188.39,117.55,196.67,230.00,219.34,233.00,226.48,189.28,204.34,188.39,201.72,202.15,226.29,188.92,197.44,258.03,270.31,267.08,218.60,209.83,210.81,247.09,228.20,208.21,149.97,,,,
"PVO - DF3 BUILDING 739.8kWp","PVO-DF3-INV 11",,5951.43,250.96,196.90,199.11,125.52,206.34,241.25,227.45,241.84,234.43,198.13,212.95,197.10,212.40,208.97,235.52,196.27,206.49,268.30,279.89,277.28,227.76,218.60,219.99,258.48,234.55,219.18,155.77,,,,
"PVO - DF3 BUILDING 739.8kWp","PVO-DF3-INV 17",,5650.54,231.86,180.86,183.31,115.64,194.77,225.19,218.65,227.31,223.96,190.36,201.15,184.24,201.68,198.65,220.58,185.58,197.68,256.96,271.07,268.52,221.65,211.47,212.20,249.58,226.23,205.53,145.86,,,,
"PVO - DF3 BUILDING 739.8kWp","PVO-DF3-INV 13",,6341.56,269.17,208.59,210.66,133.58,226.78,257.83,242.22,248.46,252.96,213.00,226.83,204.75,223.34,215.12,246.73,206.31,225.52,292.21,303.18,298.81,246.63,234.53,237.84,282.77,243.15,236.84,153.75,,,,
"PVO - DF3 BUILDING 739.8kWp","PVO-DF3-INV 16",,5674.52,235.66,197.26,191.76,125.11,193.47,221.43,221.95,233.13,216.06,199.53,205.27,192.61,213.35,196.89,215.59,189.84,199.88,244.91,263.29,259.30,217.53,203.99,209.42,237.10,224.33,212.73,153.13,,,,
"PVO - DF3 BUILDING 739.8kWp","PVO-DF3-INV 18",,4919.71,205.70,161.15,163.22,103.81,179.47,204.14,190.66,179.68,198.80,167.69,182.03,160.88,169.96,160.84,191.95,166.07,184.06,228.42,235.09,219.21,194.87,191.80,184.40,217.20,187.10,181.07,110.44,,,,
"PVO - DF3 BUILDING 739.8kWp","PVO-DF3-INV 14",,6050.98,249.95,199.01,203.26,122.85,191.72,231.75,232.96,268.02,225.61,205.42,212.94,205.52,225.50,225.48,239.68,203.71,199.67,263.74,288.30,285.94,230.33,217.05,218.90,247.85,253.43,219.92,182.47,,,,
"PVO - DF3 BUILDING 739.8kWp","PVO-DF3-INV 19",,5565.58,231.05,181.81,184.69,115.98,191.74,226.77,214.54,222.96,222.96,181.72,202.51,184.54,196.84,197.20,221.66,186.70,194.11,251.45,258.24,254.41,213.94,210.93,207.55,240.41,223.49,203.12,144.26,,,,
"PVO - DF3 BUILDING 739.8kWp","PVO-DF3-INV 15",,5807.97,243.93,189.06,192.46,121.37,201.19,232.89,224.10,232.48,232.28,195.58,208.54,190.27,206.59,203.72,226.33,189.67,202.75,264.38,275.96,269.39,226.96,216.50,217.22,255.08,228.37,212.13,148.77,,,,
"PVO - DF3 BUILDING 739.8kWp","PVO-DF3-INV 21",,5933.95,247.38,199.17,202.55,123.58,188.31,230.87,229.65,263.57,220.86,201.20,207.72,203.42,219.78,222.22,235.40,201.07,194.06,253.14,279.86,277.30,224.12,213.42,211.60,240.03,248.36,214.12,181.19,,,,
"PVO - DF3 BUILDING 739.8kWp","PVO-DF3-INV 20",,6162.73,261.32,206.19,206.18,128.00,209.56,246.71,238.10,258.00,235.92,208.27,215.62,202.48,220.82,217.52,242.54,202.99,210.82,273.84,294.35,290.75,237.62,225.36,226.05,264.73,245.74,225.37,167.88,,,,
"PVO - DF3 BUILDING 739.8kWp","PVO-DF3-INV 22",,4901.95,207.78,160.37,161.75,102.77,170.94,204.80,191.84,200.77,192.61,159.71,175.27,160.41,169.78,172.88,194.24,164.95,168.70,219.13,229.54,226.09,188.39,185.07,179.37,212.89,197.37,176.95,127.58,,,,
"Nissan KKT","50KTL-M3(COM1-15)",,3929.43,142.23,184.57,120.46,132.71,16.66,148.45,132.43,114.60,177.31,153.75,134.46,13.17,180.93,147.15,198.04,198.84,177.52,243.23,15.65,250.92,190.58,150.05,207.96,190.18,181.52,15.99,110.07,,,,
"Nissan KKT","50KTL-M3(COM1-12)",,3786.09,140.20,175.52,118.61,128.00,16.61,145.96,127.51,113.14,171.10,151.49,132.23,13.15,172.88,144.74,189.23,180.76,170.19,223.43,15.66,237.55,183.57,147.24,202.04,180.70,179.08,15.99,109.51,,,,
"Nissan KKT","50KTL-M3(COM1-13)",,3841.07,141.17,181.88,119.25,129.69,16.64,146.68,130.99,112.75,176.08,151.05,132.15,13.20,174.61,143.72,194.98,194.65,174.24,223.79,15.62,241.37,185.43,147.08,207.98,183.70,178.86,16.07,107.44,,,,
"Nissan KKT","50KTL-M3(COM1-14)",,3826.33,136.45,182.95,117.71,127.48,16.58,142.93,126.28,110.33,171.32,148.20,129.68,13.13,175.82,142.91,191.15,191.63,172.06,234.93,15.55,251.82,185.00,143.83,208.96,189.46,176.11,15.95,108.11,,,,
"Procare","Procare-Inv100-03",,11480.84,352.10,507.12,191.21,196.60,24.47,438.63,461.18,541.18,392.29,498.85,455.15,391.70,423.78,476.97,434.15,423.89,401.50,520.08,569.68,601.82,538.32,529.85,411.69,519.03,538.11,335.56,305.93,,,,
"Procare","Procare-Inv100-06",,0.00,0.00,0.00,0.00,0.00,0.00,0.00,0.00,0.00,0.00,0.00,0.00,0.00,0.00,0.00,0.00,0.00,0.00,0.00,0.00,0.00,0.00,0.00,0.00,0.00,0.00,0.00,0.00,,,,
"Procare","Procare-Inv100-01",,12304.04,374.89,560.90,191.46,196.51,24.18,451.33,485.40,590.92,392.94,552.19,493.31,395.74,440.47,506.14,452.24,454.45,418.29,576.20,632.33,635.30,588.86,566.21,445.02,588.72,618.08,336.75,335.21,,,,
"Procare","Procare-Inv100-05",,4360.18,129.15,197.49,63.06,65.28,18.29,154.44,167.18,210.62,131.95,196.43,174.67,133.72,151.06,173.74,157.55,154.44,139.99,202.49,222.31,223.10,206.85,195.40,159.47,210.10,222.48,174.21,124.71,,,,
"Procare","Procare-Inv100-04",,11678.88,367.84,508.59,194.58,200.20,24.84,441.55,474.46,547.35,397.45,517.28,460.52,399.52,430.90,486.68,427.38,434.15,409.14,533.39,573.00,576.79,544.92,538.45,419.02,574.07,546.26,338.53,312.02,,,,
"Procare","Procare-Inv100-02",,12139.13,369.86,542.83,192.86,198.84,24.49,454.16,482.97,574.08,396.29,538.91,498.11,398.93,440.11,509.16,448.34,455.97,419.98,564.08,616.36,619.22,572.31,557.17,438.16,572.94,593.19,336.63,323.18,,,,
"Procare","Procare-Inv100-07",,0.00,0.00,0.00,0.00,0.00,0.00,0.00,0.00,0.00,0.00,0.00,0.00,0.00,0.00,0.00,0.00,0.00,0.00,0.00,0.00,0.00,0.00,0.00,0.00,0.00,0.00,0.00,0.00,,,,
"Procare","Procare-Inv50-08",,0.00,0.00,0.00,0.00,0.00,0.00,0.00,0.00,0.00,0.00,0.00,0.00,0.00,0.00,0.00,0.00,0.00,0.00,0.00,0.00,0.00,0.00,0.00,0.00,0.00,0.00,0.00,0.00,,,,
"Offline KKF(BWC)","FBWC_60KTL-NO-08",,979.64,186.06,242.14,178.31,167.36,162.82,42.95,0.00,0.00,0.00,0.00,0.00,0.00,0.00,0.00,0.00,0.00,0.00,0.00,0.00,0.00,0.00,0.00,0.00,0.00,0.00,0.00,0.00,,,,
"Offline KKF(BWC)","FBWC_60KTL-NO-02",,1003.40,194.54,245.35,180.54,173.29,166.79,42.89,0.00,0.00,0.00,0.00,0.00,0.00,0.00,0.00,0.00,0.00,0.00,0.00,0.00,0.00,0.00,0.00,0.00,0.00,0.00,0.00,0.00,,,,
"Offline KKF(BWC)","FBWC_60KTL-NO-03",,951.13,198.83,213.45,163.15,176.09,164.80,34.81,0.00,0.00,0.00,0.00,0.00,0.00,0.00,0.00,0.00,0.00,0.00,0.00,0.00,0.00,0.00,0.00,0.00,0.00,0.00,0.00,0.00,,,,
"Offline KKF(BWC)","FBWC_60KTL-NO-11",,729.57,155.32,162.06,120.35,139.13,129.03,23.68,0.00,0.00,0.00,0.00,0.00,0.00,0.00,0.00,0.00,0.00,0.00,0.00,0.00,0.00,0.00,0.00,0.00,0.00,0.00,0.00,0.00,,,,
"Offline KKF(BWC)","FBWC_60KTL-NO-09",,961.97,183.09,236.95,176.12,164.10,159.50,42.21,0.00,0.00,0.00,0.00,0.00,0.00,0.00,0.00,0.00,0.00,0.00,0.00,0.00,0.00,0.00,0.00,0.00,0.00,0.00,0.00,0.00,,,,
"Offline KKF(BWC)","FBWC_60KTL-NO-04",,962.67,200.72,215.10,165.78,178.64,167.09,35.34,0.00,0.00,0.00,0.00,0.00,0.00,0.00,0.00,0.00,0.00,0.00,0.00,0.00,0.00,0.00,0.00,0.00,0.00,0.00,0.00,0.00,,,,
"Offline KKF(BWC)","FBWC_60KTL-NO-12",,920.99,194.60,204.40,153.78,174.77,162.44,31.00,0.00,0.00,0.00,0.00,0.00,0.00,0.00,0.00,0.00,0.00,0.00,0.00,0.00,0.00,0.00,0.00,0.00,0.00,0.00,0.00,0.00,,,,
"Offline KKF(BWC)","FBWC_60KTL-NO-06",,990.48,191.88,242.30,178.25,171.14,164.65,42.26,0.00,0.00,0.00,0.00,0.00,0.00,0.00,0.00,0.00,0.00,0.00,0.00,0.00,0.00,0.00,0.00,0.00,0.00,0.00,0.00,0.00,,,,
"Offline KKF(BWC)","FBWC_60KTL-NO-13",,927.15,195.70,205.68,155.32,176.02,163.27,31.16,0.00,0.00,0.00,0.00,0.00,0.00,0.00,0.00,0.00,0.00,0.00,0.00,0.00,0.00,0.00,0.00,0.00,0.00,0.00,0.00,0.00,,,,
"Offline KKF(BWC)","FBWC_60KTL-NO-07",,969.88,181.15,241.92,177.24,165.27,161.42,42.88,0.00,0.00,0.00,0.00,0.00,0.00,0.00,0.00,0.00,0.00,0.00,0.00,0.00,0.00,0.00,0.00,0.00,0.00,0.00,0.00,0.00,,,,
"Offline KKF(BWC)","FBWC_60KTL-NO-10",,937.36,187.40,221.26,164.47,167.83,159.05,37.35,0.00,0.00,0.00,0.00,0.00,0.00,0.00,0.00,0.00,0.00,0.00,0.00,0.00,0.00,0.00,0.00,0.00,0.00,0.00,0.00,0.00,,,,
"Offline KKF(BWC)","FBWC_60KTL-NO-05",,698.41,135.68,172.01,125.19,120.10,115.70,29.73,0.00,0.00,0.00,0.00,0.00,0.00,0.00,0.00,0.00,0.00,0.00,0.00,0.00,0.00,0.00,0.00,0.00,0.00,0.00,0.00,0.00,,,,
"Offline KKF(BWC)","FBWC_60KTL-NO-01",,1005.22,195.21,245.80,180.33,173.67,167.15,43.06,0.00,0.00,0.00,0.00,0.00,0.00,0.00,0.00,0.00,0.00,0.00,0.00,0.00,0.00,0.00,0.00,0.00,0.00,0.00,0.00,0.00,,,,
"วิทยาลัยเทคโนโลยีภาคตะวันออกเฉียงเหนือ","NET Inverter1-1",,16567.07,526.01,561.25,510.64,304.08,446.86,597.72,514.90,485.89,719.98,596.96,360.56,623.83,785.52,698.36,817.28,837.10,703.08,367.92,667.38,1065.04,746.43,641.05,922.77,961.35,328.53,551.11,225.47,,,,
"สินทองไทย รับเบอร์","STTINV(COM1-13)",,2009.35,132.59,203.28,0.00,0.00,0.00,0.00,0.00,0.00,0.00,0.00,0.00,0.17,0.01,0.20,0.00,0.00,0.00,79.80,275.28,106.41,48.19,285.95,175.39,167.56,198.74,225.19,110.59,,,,
"สินทองไทย รับเบอร์","STTINV(COM1-14)",,4301.53,121.20,172.71,23.95,65.24,156.67,161.90,183.80,258.25,183.41,254.93,201.21,97.14,141.62,144.11,180.71,228.18,106.01,235.59,248.33,75.94,28.63,244.16,160.04,146.27,167.05,200.80,113.68,,,,
"สินทองไทย รับเบอร์","STTINV(COM1-12)",,9449.64,424.93,613.40,83.69,225.25,533.06,551.59,644.01,896.50,653.65,909.80,716.32,0.00,0.00,0.00,0.00,0.00,0.00,0.00,0.00,0.00,0.00,27.51,595.57,628.30,721.12,835.80,389.14,,,,
"KWM","KWM_60KTL-NO-04P1",,0.00,0.00,0.00,0.00,0.00,0.00,0.00,0.00,0.00,0.00,0.00,0.00,0.00,0.00,0.00,0.00,0.00,0.00,0.00,0.00,0.00,0.00,0.00,0.00,0.00,0.00,0.00,0.00,,,,
"KWM","KWM_100KTL-NO-03P1",,7776.51,289.28,247.56,310.78,315.97,277.82,324.89,335.07,269.45,410.79,350.45,289.01,408.35,385.32,349.76,77.13,474.11,201.46,404.76,20.50,397.41,322.63,280.49,382.35,323.19,300.78,20.17,7.03,,,,
"KWM","KWM_100KTL-NO-08P3",,7717.03,282.02,251.04,316.92,304.21,272.21,329.08,317.59,267.81,406.33,346.16,289.16,383.52,399.74,338.72,67.06,461.66,209.70,414.77,31.22,391.00,319.51,276.41,383.41,330.95,299.48,20.35,7.00,,,,
"KWM","KWM_100KTL-NO-02P1",,7931.42,283.79,273.11,316.52,303.82,272.86,328.67,317.48,265.87,405.86,345.04,293.85,388.12,415.12,342.11,79.71,479.69,249.20,437.29,31.00,418.68,321.28,278.72,399.63,347.46,309.16,20.36,7.02,,,,
"KWM","KWM_100KTL-NO-01P3",,7405.78,267.32,245.24,286.37,293.92,255.05,297.82,315.80,247.89,385.62,324.12,274.50,390.68,375.17,330.73,87.37,445.68,222.54,387.99,15.86,401.30,298.52,264.69,366.39,310.96,288.20,19.14,6.91,,,,
"KWM","KWM_100KTL-NO-09P3",,7458.94,268.88,248.82,288.39,295.84,257.19,299.52,317.68,249.41,388.25,326.95,276.11,391.44,376.92,332.20,90.78,449.91,222.97,391.40,15.92,404.45,301.17,265.69,368.96,314.26,289.75,19.18,6.90,,,,
"KWM","KWM_100KTL-NO-07P2",,7509.97,264.73,257.37,301.51,283.39,253.52,305.08,300.81,250.09,386.44,324.22,279.37,372.17,400.21,322.81,79.43,448.21,233.07,415.06,29.81,404.00,304.12,263.63,378.20,332.76,292.95,20.02,6.99,,,,
"KWM","KWM_100KTL-NO-05P2",,7442.18,269.89,244.59,284.73,294.44,254.59,297.33,316.50,248.29,386.63,325.38,274.01,394.87,373.58,333.30,94.64,451.32,223.43,392.22,14.85,404.63,300.37,264.26,370.90,312.72,288.61,19.15,6.95,,,,
"KWM","KWM_100KTL-NO-06P2",,7477.71,266.65,251.57,294.44,288.08,253.90,299.80,308.88,249.15,385.63,324.89,276.59,384.42,387.09,327.27,86.21,449.81,227.36,404.45,22.38,405.39,303.08,264.53,375.32,323.42,290.91,19.49,7.00,,,,
"KWM","KWM_36KTL-NO-010P3",,2559.36,89.94,85.86,98.72,96.18,84.36,100.36,104.06,82.69,131.39,108.65,93.73,132.00,133.99,111.28,57.51,150.77,76.29,137.56,7.70,139.04,101.66,88.87,127.97,110.38,99.11,6.78,2.51,,,,
"TOYOTA KHONKAEN HEAD OFFICE","TO(KHON_100KTL_NO_1",,9855.48,327.55,375.70,263.35,263.53,244.73,323.55,269.67,242.42,372.54,317.33,358.52,260.48,446.88,423.82,476.64,433.16,388.80,521.85,380.46,543.75,389.44,358.18,458.28,460.14,312.56,373.88,268.27,,,,
"TOYOTA KHONKAEN HEAD OFFICE","TO(KHON_100KTL_NO_2",,9825.47,326.32,375.47,261.65,262.49,243.97,322.50,268.22,241.74,371.62,316.82,358.46,259.76,444.96,421.98,475.03,432.69,387.43,519.86,380.60,542.97,387.50,356.53,456.75,458.05,310.17,374.06,267.87,,,,
"TOYOTA KHONKAEN HEAD OFFICE","TO(KHON_100KTL_NO_3",,9827.92,326.62,374.85,262.09,264.17,244.94,322.98,269.51,242.41,372.38,316.97,357.75,260.40,444.60,420.99,473.54,432.65,386.88,518.53,381.17,543.06,387.40,356.04,456.18,457.68,310.12,375.11,268.90,,,,
"THAI-SUP","21010738716TK2900080",,5925.44,202.57,232.66,150.39,148.02,167.46,198.59,177.72,165.24,220.32,194.32,203.48,203.25,259.43,255.79,288.96,281.91,218.29,289.60,241.93,288.38,222.15,191.31,250.45,275.95,216.58,204.22,176.47,,,,
"THAI-SUP","21010738716TK2900046",,6417.52,222.23,248.63,164.46,163.00,185.09,216.49,193.88,181.58,240.14,212.79,221.40,219.76,281.09,274.87,309.93,304.36,239.32,307.92,260.22,309.49,239.31,209.18,269.19,297.16,231.66,222.57,191.80,,,,
"THAI-SUP","21010738716TK2900081",,6569.55,221.02,264.54,165.63,162.70,182.70,218.07,195.78,181.56,242.06,214.21,226.00,225.31,287.63,285.21,322.71,315.18,240.06,327.29,269.68,321.62,247.84,210.19,279.73,305.99,238.90,223.64,194.30,,,,
"THAI-SUP","21010738716TK2900055",,6613.42,225.92,262.00,168.74,165.03,185.75,221.32,197.72,183.87,245.10,217.15,227.48,225.66,290.68,283.67,321.34,314.28,243.51,322.14,272.40,321.10,248.16,213.51,278.41,308.66,243.91,227.88,198.03,,,,
"THAI-SUP","2101073871ESJ9000110",,6660.43,226.78,265.79,168.21,165.86,185.18,221.01,198.49,183.54,245.41,216.77,229.03,228.58,290.86,291.29,325.41,316.47,244.50,327.85,273.35,322.98,252.41,213.78,282.38,311.18,248.80,227.55,196.97,,,,
"THAI-SUP","21010738716TK2900054",,6732.68,227.33,271.14,170.19,166.72,185.64,222.74,200.09,184.69,247.44,218.62,231.27,230.59,294.43,294.34,329.66,320.21,246.29,333.79,277.88,327.33,256.22,215.38,286.69,315.19,250.72,229.32,198.77,,,,
"THAI-SUP","2101073023ESK2000292",,3265.14,114.30,124.58,82.34,82.69,94.13,110.11,98.56,91.96,122.48,107.69,112.68,111.92,143.88,141.96,158.34,155.30,122.50,155.04,132.20,157.13,121.24,105.69,135.75,151.06,120.01,113.15,98.45,,,,
"THAI-SUP","21010738716TK2900068",,6321.50,219.01,245.21,160.65,158.24,179.97,211.45,188.66,175.66,233.94,206.24,216.70,215.57,279.34,273.56,305.77,299.27,235.15,304.94,259.87,307.25,235.76,203.15,264.71,296.99,233.34,219.15,191.95,,,,
"THAI-SUP","21010738716TK2900063",,6620.59,228.06,258.41,167.47,165.43,186.49,222.07,197.85,184.30,245.87,217.78,227.87,225.22,291.07,286.85,321.57,312.56,243.55,320.89,273.32,320.31,248.27,213.33,277.13,308.62,249.63,228.40,198.27,,,,
"Offline Choentarwood","CTW50KTL-M3(COM7)",,0.00,0.00,0.00,0.00,0.00,0.00,0.00,0.00,0.00,0.00,0.00,0.00,0.00,0.00,0.00,0.00,0.00,0.00,0.00,0.00,0.00,0.00,0.00,0.00,0.00,0.00,0.00,0.00,,,,
"Offline Choentarwood","CTW50KTL-M3(COM5)",,0.00,0.00,0.00,0.00,0.00,0.00,0.00,0.00,0.00,0.00,0.00,0.00,0.00,0.00,0.00,0.00,0.00,0.00,0.00,0.00,0.00,0.00,0.00,0.00,0.00,0.00,0.00,0.00,,,,
"Offline Choentarwood","CTW50KTL-M3(COM4)",,0.00,0.00,0.00,0.00,0.00,0.00,0.00,0.00,0.00,0.00,0.00,0.00,0.00,0.00,0.00,0.00,0.00,0.00,0.00,0.00,0.00,0.00,0.00,0.00,0.00,0.00,0.00,0.00,,,,
"Offline Choentarwood","CTW50KTL-M3(COM8)",,0.00,0.00,0.00,0.00,0.00,0.00,0.00,0.00,0.00,0.00,0.00,0.00,0.00,0.00,0.00,0.00,0.00,0.00,0.00,0.00,0.00,0.00,0.00,0.00,0.00,0.00,0.00,0.00,,,,
"Offline Choentarwood","CTW50KTL-M3(COM3)",,0.00,0.00,0.00,0.00,0.00,0.00,0.00,0.00,0.00,0.00,0.00,0.00,0.00,0.00,0.00,0.00,0.00,0.00,0.00,0.00,0.00,0.00,0.00,0.00,0.00,0.00,0.00,0.00,,,,
"Offline Choentarwood","CTW50KTL-M3(COM1)",,0.00,0.00,0.00,0.00,0.00,0.00,0.00,0.00,0.00,0.00,0.00,0.00,0.00,0.00,0.00,0.00,0.00,0.00,0.00,0.00,0.00,0.00,0.00,0.00,0.00,0.00,0.00,0.00,,,,
"Offline Choentarwood","CTW50KTL-M3(COM11)",,0.00,0.00,0.00,0.00,0.00,0.00,0.00,0.00,0.00,0.00,0.00,0.00,0.00,0.00,0.00,0.00,0.00,0.00,0.00,0.00,0.00,0.00,0.00,0.00,0.00,0.00,0.00,0.00,,,,
"Offline Choentarwood","CTW50KTL-M3(COM9)",,0.00,0.00,0.00,0.00,0.00,0.00,0.00,0.00,0.00,0.00,0.00,0.00,0.00,0.00,0.00,0.00,0.00,0.00,0.00,0.00,0.00,0.00,0.00,0.00,0.00,0.00,0.00,0.00,,,,
"Offline Choentarwood","CTW50KTL-M3(COM2)",,0.00,0.00,0.00,0.00,0.00,0.00,0.00,0.00,0.00,0.00,0.00,0.00,0.00,0.00,0.00,0.00,0.00,0.00,0.00,0.00,0.00,0.00,0.00,0.00,0.00,0.00,0.00,0.00,,,,
"Offline Choentarwood","CTW50KTL-M3(COM10)",,0.00,0.00,0.00,0.00,0.00,0.00,0.00,0.00,0.00,0.00,0.00,0.00,0.00,0.00,0.00,0.00,0.00,0.00,0.00,0.00,0.00,0.00,0.00,0.00,0.00,0.00,0.00,0.00,,,,
"Offline Choentarwood","CTW50KTL-M3(COM12)",,0.00,0.00,0.00,0.00,0.00,0.00,0.00,0.00,0.00,0.00,0.00,0.00,0.00,0.00,0.00,0.00,0.00,0.00,0.00,0.00,0.00,0.00,0.00,0.00,0.00,0.00,0.00,0.00,,,,
"Offline Choentarwood","CTW50KTL-M3(COM6)",,0.00,0.00,0.00,0.00,0.00,0.00,0.00,0.00,0.00,0.00,0.00,0.00,0.00,0.00,0.00,0.00,0.00,0.00,0.00,0.00,0.00,0.00,0.00,0.00,0.00,0.00,0.00,0.00,,,,
"Offline Choentarwood","CTW50KTL-M3(COM13)",,0.00,0.00,0.00,0.00,0.00,0.00,0.00,0.00,0.00,0.00,0.00,0.00,0.00,0.00,0.00,0.00,0.00,0.00,0.00,0.00,0.00,0.00,0.00,0.00,0.00,0.00,0.00,0.00,,,,